{"credit":"Made with Blockbench by Valdr687","parent":"minecraft:block/cross","textures":{"cross":"block/red_mushroom_blocki"},"elements":[{"from":[7,0,7],"to":[9,4,9],"rotation":{"angle":22.5,"axis":"y","origin":[8,0,8]},"faces":{"north":{"uv":[7,12,9,16],"texture":"#cross"},"east":{"uv":[7,12,9,16],"texture":"#cross"},"south":{"uv":[7,12,9,16],"texture":"#cross"},"west":{"uv":[7,12,9,16],"texture":"#cross"},"up":{"uv":[7,14,9,16],"texture":"#cross"},"down":{"uv":[7,14,9,16],"texture":"#cross"}}},{"from":[4,4,4],"to":[12,6,12],"rotation":{"angle":22.5,"axis":"y","origin":[8,0,8]},"faces":{"north":{"uv":[4,10,12,12],"texture":"#cross"},"east":{"uv":[4,10,12,12],"texture":"#cross"},"south":{"uv":[4,10,12,12],"texture":"#cross"},"west":{"uv":[4,10,12,12],"texture":"#cross"},"up":{"uv":[0,0,8,8],"texture":"#cross"},"down":{"uv":[0,0,8,8],"texture":"#cross"}}}]}