{"credit":"Made with Blockbench by Valdr687","textures":{"0":"block/red_mushroom_blocki","particle":"block/red_mushroom_blocki"},"elements":[{"from":[7,0,7],"to":[9,4,9],"faces":{"north":{"uv":[7,12,9,16],"texture":"#0"},"east":{"uv":[7,12,9,16],"texture":"#0"},"south":{"uv":[7,12,9,16],"texture":"#0"},"west":{"uv":[7,12,9,16],"texture":"#0"},"up":{"uv":[7,14,9,16],"texture":"#0"},"down":{"uv":[7,14,9,16],"texture":"#0"}}},{"from":[5,4,5],"to":[11,6,11],"faces":{"north":{"uv":[5,10,11,12],"texture":"#0"},"east":{"uv":[5,10,11,12],"texture":"#0"},"south":{"uv":[5,10,11,12],"texture":"#0"},"west":{"uv":[5,10,11,12],"texture":"#0"},"up":{"uv":[8,0,14,6],"texture":"#0"},"down":{"uv":[8,0,14,6],"texture":"#0"}}}]}