{
	"credit": "Made with Blockbench",
	"parent": "block/thin_block",
	"textures": {
		"0": "block/acacia_trapdoor",
		"1": "block/acacia_trapdoor_handle",
		"particle": "block/acacia_trapdoor"
	},
	"elements": [
		{
			"name": "Element",
			"from": [0, 0, 0],
			"to": [16, 3, 16],
			"faces": {
				"north": {"uv": [0, 15.25, 16, 15.75], "texture": "#0", "cullface": "north"},
				"east": {"uv": [0.25, 0, 0.75, 16], "rotation": 270, "texture": "#0", "cullface": "east"},
				"south": {"uv": [0, 0.25, 16, 0.75], "texture": "#0", "cullface": "south"},
				"west": {"uv": [15.25, 0, 15.75, 16], "rotation": 90, "texture": "#0", "cullface": "west"},
				"up": {"uv": [0, 16, 16, 0], "texture": "#0"},
				"down": {"uv": [0, 0, 16, 16], "texture": "#0", "cullface": "down"}
			}
		},
		{
			"name": "Element",
			"from": [14, 3, 13],
			"to": [12, 0, 3],
			"faces": {
				"north": {"uv": [2, 2.75, 4, 2.25], "rotation": 180, "texture": "#0"},
				"east": {"uv": [4.75, 3, 4.25, 13], "rotation": 90, "texture": "#0"},
				"south": {"uv": [2, 13.75, 4, 13.25], "texture": "#0"},
				"west": {"uv": [1.75, 3, 1.25, 13], "rotation": 270, "texture": "#0"}
			}
		},
		{
			"name": "Element",
			"from": [9, 3, 13],
			"to": [7, 0, 3],
			"faces": {
				"north": {"uv": [7, 2.75, 9, 2.25], "rotation": 180, "texture": "#0"},
				"east": {"uv": [9.75, 3, 9.25, 13], "rotation": 90, "texture": "#0"},
				"south": {"uv": [7, 13.75, 9, 13.25], "texture": "#0"},
				"west": {"uv": [6.75, 3, 6.25, 13], "rotation": 270, "texture": "#0"}
			}
		},
		{
			"name": "Element",
			"from": [4, 3, 13],
			"to": [2, 0, 3],
			"faces": {
				"north": {"uv": [12, 2.75, 14, 2.25], "rotation": 180, "texture": "#0"},
				"east": {"uv": [14.75, 3, 14.25, 13], "rotation": 90, "texture": "#0"},
				"south": {"uv": [12, 13.75, 14, 13.25], "texture": "#0"},
				"west": {"uv": [11.75, 3, 11.25, 13], "rotation": 270, "texture": "#0"}
			}
		},
		{
			"name": "Box2",
			"from": [5, -0.5, 0],
			"to": [11, 0, 2],
			"faces": {
				"north": {"uv": [2, 9, 14, 10], "texture": "#1", "cullface": "down"},
				"east": {"uv": [2, 6, 3, 10], "texture": "#1", "cullface": "down"},
				"south": {"uv": [2, 6, 14, 7], "texture": "#1", "cullface": "down"},
				"west": {"uv": [13, 6, 14, 10], "texture": "#1", "cullface": "down"},
				"down": {"uv": [2, 6, 14, 10], "texture": "#1", "cullface": "down"}
			}
		},
		{
			"name": "Box2",
			"from": [5, 3, 0],
			"to": [11, 3.5, 2],
			"faces": {
				"north": {"uv": [2, 9, 14, 10], "texture": "#1"},
				"east": {"uv": [2, 6, 3, 10], "texture": "#1"},
				"south": {"uv": [2, 6, 14, 7], "texture": "#1"},
				"west": {"uv": [13, 6, 14, 10], "texture": "#1"},
				"up": {"uv": [2, 6, 14, 10], "texture": "#1"}
			}
		}
	]
}