{"credit":"Made with Blockbench by Valdr687","textures":{"0":"block/acacia_sapling_block","particle":"block/acacia_sapling_block"},"elements":[{"from":[7.5,0,7.5],"to":[8.5,8,8.5],"faces":{"north":{"uv":[12.5,12,13,16],"texture":"#0"},"east":{"uv":[12.5,12,13,16],"texture":"#0"},"south":{"uv":[12.5,12,13,16],"texture":"#0"},"west":{"uv":[12.5,12,13,16],"texture":"#0"},"up":{"uv":[12.5,12,13,12.5],"texture":"#0"},"down":{"uv":[12.5,15.5,13,16],"texture":"#0"}}},{"from":[7.5,7,8.5],"to":[8.5,14,9.5],"faces":{"north":{"uv":[13,9,13.5,12.5],"texture":"#0"},"east":{"uv":[13,9,13.5,12.5],"texture":"#0"},"south":{"uv":[13,9,13.5,12.5],"texture":"#0"},"west":{"uv":[13,9,13.5,12.5],"texture":"#0"},"up":{"uv":[13,9,13.5,9.5],"texture":"#0"},"down":{"uv":[13,12,13.5,12.5],"texture":"#0"}}},{"from":[7.5,0,8.5],"to":[8.5,1,9.5],"faces":{"north":{"uv":[13,15.5,13.5,16],"texture":"#0"},"east":{"uv":[13,15.5,13.5,16],"texture":"#0"},"south":{"uv":[13,15.5,13.5,16],"texture":"#0"},"west":{"uv":[13,15.5,13.5,16],"texture":"#0"},"up":{"uv":[13,15.5,13.5,16],"texture":"#0"},"down":{"uv":[13,15.5,13.5,16],"texture":"#0"}}},{"from":[7.5,5,8.5],"to":[8.5,6,9.5],"faces":{"north":{"uv":[13,13,13.5,13.5],"texture":"#0"},"east":{"uv":[13,13,13.5,13.5],"texture":"#0"},"south":{"uv":[13,13,13.5,13.5],"texture":"#0"},"west":{"uv":[13,13,13.5,13.5],"texture":"#0"},"up":{"uv":[13,13,13.5,13.5],"texture":"#0"},"down":{"uv":[13,13,13.5,13.5],"texture":"#0"}}},{"from":[7.5,8,6.5],"to":[8.5,9,7.5],"faces":{"north":{"uv":[12,11.5,12.5,12],"texture":"#0"},"east":{"uv":[12,11.5,12.5,12],"texture":"#0"},"south":{"uv":[12,11.5,12.5,12],"texture":"#0"},"west":{"uv":[12,11.5,12.5,12],"texture":"#0"},"up":{"uv":[12,11.5,12.5,12],"texture":"#0"},"down":{"uv":[12,11.5,12.5,12],"texture":"#0"}}},{"from":[7.5,12,9.5],"to":[8.5,13,10.5],"faces":{"north":{"uv":[13.5,9.5,14,10],"texture":"#0"},"east":{"uv":[13.5,9.5,14,10],"texture":"#0"},"south":{"uv":[13.5,9.5,14,10],"texture":"#0"},"west":{"uv":[13.5,9.5,14,10],"texture":"#0"},"up":{"uv":[13.5,9.5,14,10],"texture":"#0"},"down":{"uv":[13.5,9.5,14,10],"texture":"#0"}}},{"from":[7.5,12,13.5],"to":[8.5,13,14.5],"faces":{"north":{"uv":[15.5,9.5,16,10],"texture":"#0"},"east":{"uv":[15.5,9.5,16,10],"texture":"#0"},"south":{"uv":[15.5,9.5,16,10],"texture":"#0"},"west":{"uv":[15.5,9.5,16,10],"texture":"#0"},"up":{"uv":[15.5,9.5,16,10],"texture":"#0"},"down":{"uv":[15.5,9.5,16,10],"texture":"#0"}}},{"from":[7.5,11,9.5],"to":[8.5,12,13.5],"faces":{"north":{"uv":[13.5,10,15.5,10.5],"texture":"#0"},"east":{"uv":[13.5,10,15.5,10.5],"texture":"#0"},"south":{"uv":[13.5,10,14,10.5],"texture":"#0"},"west":{"uv":[13.5,10,15.5,10.5],"texture":"#0"},"up":{"uv":[13.5,10,15.5,10.5],"rotation":90,"texture":"#0"},"down":{"uv":[15.5,10,13.5,10.5],"rotation":90,"texture":"#0"}}},{"from":[7.5,13,5.5],"to":[8.5,14,8.5],"faces":{"north":{"uv":[11.5,9,12,9.5],"texture":"#0"},"east":{"uv":[11.5,9,13,9.5],"texture":"#0"},"south":{"uv":[11.5,9,12,9.5],"texture":"#0"},"west":{"uv":[11.5,9,13,9.5],"texture":"#0"},"up":{"uv":[11.5,9,13,9.5],"rotation":90,"texture":"#0"},"down":{"uv":[13,9,11.5,9.5],"rotation":90,"texture":"#0"}}},{"from":[7.5,14,3.5],"to":[8.5,15,6.5],"faces":{"north":{"uv":[10.5,8.5,11,9],"texture":"#0"},"east":{"uv":[10.5,8.5,12,9],"texture":"#0"},"south":{"uv":[10.5,8.5,11,9],"texture":"#0"},"west":{"uv":[10.5,8.5,12,9],"texture":"#0"},"up":{"uv":[10.5,8.5,12,9],"rotation":90,"texture":"#0"},"down":{"uv":[12,8.5,10.5,9],"rotation":90,"texture":"#0"}}},{"from":[4.5,13.025,9.5],"to":[12.5,13.025,17.5],"faces":{"up":{"uv":[8.5,0,12.5,4],"texture":"#0"},"down":{"uv":[12.5,4,8.5,0],"texture":"#0"}}},{"from":[8,0,2.5],"to":[8,16,14.5],"faces":{"east":{"uv":[10,8,4,16],"texture":"#0"},"west":{"uv":[4,8,10,16],"texture":"#0"}}},{"from":[6.2,4,9],"to":[8.2,4,11],"rotation":{"angle":45,"axis":"y","origin":[3,0,7]},"faces":{"up":{"uv":[3,9,4,10],"texture":"#0"},"down":{"uv":[3,9,4,10],"texture":"#0"}}},{"from":[6.89117,9,8.95147],"to":[8.89117,9,10.95147],"rotation":{"angle":45,"axis":"y","origin":[8.09117,4,9.75147]},"faces":{"up":{"uv":[3,9,4,10],"texture":"#0"},"down":{"uv":[3,9,4,10],"texture":"#0"}}},{"from":[5,16,0],"to":[12,16,7],"faces":{"up":{"uv":[12.5,0,16,3.5],"texture":"#0"},"down":{"uv":[16,3.5,12.5,0],"texture":"#0"}}},{"from":[5,16.025,0],"to":[12,16.025,7],"faces":{"up":{"uv":[12.5,0,16,3.5],"texture":"#0"},"down":{"uv":[16,3.5,12.5,0],"texture":"#0"}}},{"from":[5,15.025,0],"to":[12,16,7],"faces":{"north":{"uv":[12.5,1,16,1.5],"texture":"#0"},"east":{"uv":[12.5,1.5,16,2],"texture":"#0"},"south":{"uv":[12.5,1,16,1.5],"texture":"#0"},"west":{"uv":[12.5,1,16,1.5],"texture":"#0"}}},{"from":[5,13.025,10],"to":[12,14,17],"faces":{"north":{"uv":[12.5,1,16,1.5],"texture":"#0"},"east":{"uv":[12.5,1,16,1.5],"texture":"#0"},"south":{"uv":[12.5,1,16,1.5],"texture":"#0"},"west":{"uv":[12.5,1,16,1.5],"texture":"#0"}}},{"from":[4.5,15.025,-0.5],"to":[12.5,15.025,7.5],"faces":{"up":{"uv":[8.5,0,12.5,4],"texture":"#0"},"down":{"uv":[12.5,4,8.5,0],"texture":"#0"}}},{"from":[5,14,10],"to":[12,14,17],"faces":{"up":{"uv":[12.5,0,16,3.5],"texture":"#0"},"down":{"uv":[16,3.5,12.5,0],"texture":"#0"}}}]}