{
	"credit": "Made with Blockbench",
	"textures": {
		"0": "block/acacia_door_top",
		"1": "block/acacia_door_handle",
		"particle": "block/acacia_door_top"
	},
	"elements": [
		{
			"name": "Element",
			"from": [0, 0, 0],
			"to": [3, 16, 16],
			"faces": {
				"north": {"uv": [0.25, 0, 0.75, 16], "texture": "#0", "cullface": "north"},
				"east": {"uv": [16, 0, 0, 16], "texture": "#0"},
				"south": {"uv": [15.25, 0, 15.75, 16], "texture": "#0", "cullface": "south"},
				"west": {"uv": [0, 0, 16, 16], "texture": "#0", "cullface": "west"},
				"up": {"uv": [0, 0.25, 16, 0.75], "rotation": 90, "texture": "#0", "cullface": "up"}
			}
		},
		{
			"name": "Element",
			"from": [3, 13, 9],
			"to": [0, 1, 7],
			"faces": {
				"north": {"uv": [9.75, 3, 9.25, 15], "texture": "#0"},
				"south": {"uv": [6.75, 15, 6.25, 3], "texture": "#0"},
				"up": {"uv": [7, 15.25, 9, 15.75], "rotation": 270, "texture": "#0"},
				"down": {"uv": [7, 2.25, 9, 2.75], "rotation": 90, "texture": "#0"}
			}
		},
		{
			"name": "Element",
			"from": [3, 13, 5],
			"to": [0, 1, 3],
			"faces": {
				"north": {"uv": [5.75, 3, 5.25, 15], "texture": "#0"},
				"south": {"uv": [2.75, 15, 2.25, 3], "texture": "#0"},
				"up": {"uv": [3, 15.25, 5, 15.75], "rotation": 270, "texture": "#0"},
				"down": {"uv": [3, 2.25, 5, 2.75], "rotation": 90, "texture": "#0"}
			}
		},
		{
			"name": "Element",
			"from": [3, 13, 13],
			"to": [0, 1, 11],
			"faces": {
				"north": {"uv": [13.75, 3, 13.25, 15], "texture": "#0"},
				"south": {"uv": [10.75, 15, 10.25, 3], "texture": "#0"},
				"up": {"uv": [11, 15.25, 13, 15.75], "rotation": 270, "texture": "#0"},
				"down": {"uv": [11, 2.25, 13, 2.75], "rotation": 90, "texture": "#0"}
			}
		},
		{
			"name": "Element",
			"from": [-0.5, 0, 12],
			"to": [0, 1, 15],
			"faces": {
				"north": {"uv": [0, 8, 2, 12], "texture": "#1", "cullface": "west"},
				"south": {"uv": [10, 8, 12, 12], "texture": "#1", "cullface": "west"},
				"west": {"uv": [0, 8, 12, 12], "texture": "#1", "cullface": "west"},
				"up": {"uv": [0, 8, 12, 10], "texture": "#1", "cullface": "west"},
				"down": {"uv": [0, 10, 12, 12], "texture": "#1", "cullface": "west"}
			}
		},
		{
			"name": "Element",
			"from": [3, 0, 12],
			"to": [3.5, 1, 15],
			"faces": {
				"north": {"uv": [14, 0, 16, 4], "texture": "#1"},
				"east": {"uv": [4, 0, 16, 4], "texture": "#1"},
				"south": {"uv": [4, 0, 6, 4], "texture": "#1"},
				"up": {"uv": [4, 0, 16, 2], "rotation": 270, "texture": "#1"},
				"down": {"uv": [4, 2, 16, 4], "rotation": 90, "texture": "#1"}
			}
		}
	]
}