{
	"credit": "Made with Blockbench by Valdr687",
	"parent": "minecraft:block/crop",
	"textures": {
		"particle": "block/beetroots_stage3",
		"crop": "block/beetroots_stage3"
	},
	"elements": [
		{
			"from": [10.025, -1.75, 2.975],
			"to": [13.05, 0.75, 6],
			"rotation": {"angle": 0, "axis": "y", "origin": [0, 0.75, 0]},
			"faces": {
				"north": {"uv": [0, 9, 3, 12], "texture": "#crop"},
				"east": {"uv": [3, 0, 6, 3], "texture": "#crop"},
				"south": {"uv": [0, 0, 3, 3], "texture": "#crop"},
				"west": {"uv": [0, 6, 3, 9], "texture": "#crop"},
				"up": {"uv": [0, 3, 3, 6], "texture": "#crop"},
				"down": {"uv": [0, 12, 3, 15], "texture": "#crop"}
			}
		},
		{
			"from": [1.625, -1.75, 3.775],
			"to": [4.65, 0.75, 6.8],
			"rotation": {"angle": 0, "axis": "y", "origin": [0, 0.75, 0]},
			"faces": {
				"north": {"uv": [0, 9, 3, 12], "texture": "#crop"},
				"east": {"uv": [3, 0, 6, 3], "texture": "#crop"},
				"south": {"uv": [0, 0, 3, 3], "texture": "#crop"},
				"west": {"uv": [0, 6, 3, 9], "texture": "#crop"},
				"up": {"uv": [0, 3, 3, 6], "texture": "#crop"},
				"down": {"uv": [0, 12, 3, 15], "texture": "#crop"}
			}
		},
		{
			"from": [7.025, -1.75, 10.975],
			"to": [10.05, 0.75, 14],
			"rotation": {"angle": 0, "axis": "y", "origin": [0, 0.75, 0]},
			"faces": {
				"north": {"uv": [0, 9, 3, 12], "texture": "#crop"},
				"east": {"uv": [3, 0, 6, 3], "texture": "#crop"},
				"south": {"uv": [0, 0, 3, 3], "texture": "#crop"},
				"west": {"uv": [0, 6, 3, 9], "texture": "#crop"},
				"up": {"uv": [0, 3, 3, 6], "texture": "#crop"},
				"down": {"uv": [0, 12, 3, 15], "texture": "#crop"}
			}
		},
		{
			"from": [5.05, -0.25, 12.5],
			"to": [13.05, 6.75, 12.5],
			"rotation": {"angle": 22.5, "axis": "y", "origin": [8.5, 0.75, 12.5]},
			"faces": {
				"north": {"uv": [8, 0, 16, 7], "texture": "#crop"},
				"east": {"uv": [0, 0, 0, 0], "texture": "#crop"},
				"south": {"uv": [8, 0, 16, 7], "texture": "#crop"},
				"west": {"uv": [0, 0, 0, 0], "texture": "#crop"},
				"up": {"uv": [0, 0, 0, 0], "texture": "#crop"},
				"down": {"uv": [0, 0, 0, 0], "texture": "#crop"}
			}
		},
		{
			"from": [8.55, -0.25, 9],
			"to": [8.55, 6.75, 17],
			"rotation": {"angle": 22.5, "axis": "y", "origin": [8.5, 0.75, 12.5]},
			"faces": {
				"north": {"uv": [0, 0, 0, 0], "texture": "#crop"},
				"east": {"uv": [8, 0, 16, 7], "texture": "#crop"},
				"south": {"uv": [0, 0, 0, 0], "texture": "#crop"},
				"west": {"uv": [8, 0, 16, 7], "texture": "#crop"},
				"up": {"uv": [0, 0, 0, 0], "rotation": 270, "texture": "#crop"},
				"down": {"uv": [0, 0, 0, 0], "rotation": 90, "texture": "#crop"}
			}
		},
		{
			"from": [12.05, -0.25, 0],
			"to": [12.05, 6.75, 8],
			"rotation": {"angle": 22.5, "axis": "y", "origin": [12, 0.75, 4.5]},
			"faces": {
				"north": {"uv": [0, 0, 0, 0], "texture": "#crop"},
				"east": {"uv": [8, 0, 16, 7], "texture": "#crop"},
				"south": {"uv": [0, 0, 0, 0], "texture": "#crop"},
				"west": {"uv": [8, 0, 16, 7], "texture": "#crop"},
				"up": {"uv": [0, 0, 0, 0], "rotation": 270, "texture": "#crop"},
				"down": {"uv": [0, 0, 0, 0], "rotation": 90, "texture": "#crop"}
			}
		},
		{
			"from": [7.05, -0.25, 4.5],
			"to": [15.05, 6.75, 4.5],
			"rotation": {"angle": 22.5, "axis": "y", "origin": [12, 0.75, 3]},
			"faces": {
				"north": {"uv": [8, 0, 16, 7], "texture": "#crop"},
				"east": {"uv": [0, 0, 0, 0], "texture": "#crop"},
				"south": {"uv": [8, 0, 16, 7], "texture": "#crop"},
				"west": {"uv": [0, 0, 0, 0], "texture": "#crop"},
				"up": {"uv": [0, 0, 0, 0], "rotation": 180, "texture": "#crop"},
				"down": {"uv": [0, 0, 0, 0], "rotation": 180, "texture": "#crop"}
			}
		},
		{
			"from": [2.55, -0.25, 4],
			"to": [10.55, 6.75, 4],
			"rotation": {"angle": 22.5, "axis": "y", "origin": [8.5, 0.75, 12.5]},
			"faces": {
				"north": {"uv": [8, 0, 16, 7], "texture": "#crop"},
				"east": {"uv": [0, 0, 0, 0], "texture": "#crop"},
				"south": {"uv": [8, 0, 16, 7], "texture": "#crop"},
				"west": {"uv": [0, 0, 0, 0], "texture": "#crop"},
				"up": {"uv": [0, 0, 0, 0], "texture": "#crop"},
				"down": {"uv": [0, 0, 0, 0], "texture": "#crop"}
			}
		},
		{
			"from": [7.05, -0.25, 0.5],
			"to": [7.05, 6.75, 8.5],
			"rotation": {"angle": 22.5, "axis": "y", "origin": [8.5, 0.75, 12.5]},
			"faces": {
				"north": {"uv": [0, 0, 0, 0], "texture": "#crop"},
				"east": {"uv": [8, 0, 16, 7], "texture": "#crop"},
				"south": {"uv": [0, 0, 0, 0], "texture": "#crop"},
				"west": {"uv": [8, 0, 16, 7], "texture": "#crop"},
				"up": {"uv": [0, 0, 0, 0], "rotation": 270, "texture": "#crop"},
				"down": {"uv": [0, 0, 0, 0], "rotation": 90, "texture": "#crop"}
			}
		}
	]
}