{"parent":"minecraft:block/cross","textures":{"1":"block/bubble_coral_block","particle":"block/bubble_coral","cross":"block/bubble_coral"},"elements":[{"from":[13,0,6],"to":[14,1,10],"faces":{"north":{"uv":[6,10,7,11],"texture":"#1"},"east":{"uv":[6,10,10,11],"texture":"#1"},"south":{"uv":[6,10,7,11],"texture":"#1"},"west":{"uv":[6,10,10,11],"texture":"#1"},"up":{"uv":[6,10,7,14],"texture":"#1"},"down":{"uv":[6,10,7,14],"texture":"#1"}}},{"from":[12,0,10],"to":[13,1,12],"faces":{"north":{"uv":[8,5,9,6],"texture":"#1"},"east":{"uv":[8,5,10,6],"texture":"#1"},"south":{"uv":[8,5,9,6],"texture":"#1"},"west":{"uv":[8,5,10,6],"texture":"#1"},"up":{"uv":[8,5,9,7],"texture":"#1"},"down":{"uv":[8,5,9,7],"texture":"#1"}}},{"from":[13,1,7],"to":[14,2,9],"faces":{"north":{"uv":[0,0,1,1],"texture":"#1"},"east":{"uv":[0,0,2,1],"texture":"#1"},"south":{"uv":[0,0,1,1],"texture":"#1"},"west":{"uv":[0,0,2,1],"texture":"#1"},"up":{"uv":[0,0,1,2],"texture":"#1"},"down":{"uv":[0,0,1,2],"texture":"#1"}}},{"from":[12,2,5],"to":[13,3,11],"faces":{"north":{"uv":[0,0,1,1],"texture":"#1"},"east":{"uv":[0,0,6,1],"texture":"#1"},"south":{"uv":[0,0,1,1],"texture":"#1"},"west":{"uv":[0,0,6,1],"texture":"#1"},"up":{"uv":[0,0,1,6],"texture":"#1"},"down":{"uv":[0,0,1,6],"texture":"#1"}}},{"from":[12,3,6],"to":[13,4,10],"faces":{"north":{"uv":[0,0,1,1],"texture":"#1"},"east":{"uv":[0,0,4,1],"texture":"#1"},"south":{"uv":[0,0,1,1],"texture":"#1"},"west":{"uv":[0,0,4,1],"texture":"#1"},"up":{"uv":[0,0,1,4],"texture":"#1"},"down":{"uv":[0,0,1,4],"texture":"#1"}}},{"from":[11,4,6],"to":[12,5,10],"faces":{"north":{"uv":[0,0,1,1],"texture":"#1"},"east":{"uv":[0,0,4,1],"texture":"#1"},"south":{"uv":[0,0,1,1],"texture":"#1"},"west":{"uv":[0,0,4,1],"texture":"#1"},"up":{"uv":[0,0,1,4],"texture":"#1"},"down":{"uv":[0,0,1,4],"texture":"#1"}}},{"from":[10,4,5],"to":[11,5,11],"faces":{"north":{"uv":[0,0,1,1],"texture":"#1"},"east":{"uv":[0,0,6,1],"texture":"#1"},"south":{"uv":[0,0,1,1],"texture":"#1"},"west":{"uv":[0,0,6,1],"texture":"#1"},"up":{"uv":[0,0,1,6],"texture":"#1"},"down":{"uv":[0,0,1,6],"texture":"#1"}}},{"from":[9,5,7],"to":[10,6,9],"faces":{"north":{"uv":[0,0,1,1],"texture":"#1"},"east":{"uv":[0,0,2,1],"texture":"#1"},"south":{"uv":[0,0,1,1],"texture":"#1"},"west":{"uv":[0,0,2,1],"texture":"#1"},"up":{"uv":[0,0,1,2],"texture":"#1"},"down":{"uv":[0,0,1,2],"texture":"#1"}}},{"from":[12,1,9],"to":[13,2,12],"faces":{"north":{"uv":[5,9,6,10],"texture":"#1"},"east":{"uv":[5,9,8,10],"texture":"#1"},"south":{"uv":[5,9,6,10],"texture":"#1"},"west":{"uv":[5,9,8,10],"texture":"#1"},"up":{"uv":[5,9,6,12],"texture":"#1"},"down":{"uv":[5,9,6,12],"texture":"#1"}}},{"from":[12,1,4],"to":[13,2,7],"faces":{"north":{"uv":[10,9,11,10],"texture":"#1"},"east":{"uv":[10,9,13,10],"texture":"#1"},"south":{"uv":[10,9,11,10],"texture":"#1"},"west":{"uv":[10,9,13,10],"texture":"#1"},"up":{"uv":[10,9,11,12],"texture":"#1"},"down":{"uv":[10,9,11,12],"texture":"#1"}}},{"from":[12,0,4],"to":[13,1,6],"faces":{"north":{"uv":[8,9,9,10],"texture":"#1"},"east":{"uv":[8,9,10,10],"texture":"#1"},"south":{"uv":[8,9,9,10],"texture":"#1"},"west":{"uv":[8,9,10,10],"texture":"#1"},"up":{"uv":[8,9,9,11],"texture":"#1"},"down":{"uv":[8,9,9,11],"texture":"#1"}}},{"from":[10,0,12],"to":[12,1,13],"faces":{"north":{"uv":[8,9,10,10],"texture":"#1"},"east":{"uv":[8,9,9,10],"texture":"#1"},"south":{"uv":[8,9,10,10],"texture":"#1"},"west":{"uv":[8,9,9,10],"texture":"#1"},"up":{"uv":[8,9,10,10],"texture":"#1"},"down":{"uv":[8,9,10,10],"texture":"#1"}}},{"from":[8,0,13],"to":[10,1,14],"faces":{"north":{"uv":[9,6,11,7],"texture":"#1"},"east":{"uv":[9,6,10,7],"texture":"#1"},"south":{"uv":[9,6,11,7],"texture":"#1"},"west":{"uv":[9,6,10,7],"texture":"#1"},"up":{"uv":[9,6,11,7],"texture":"#1"},"down":{"uv":[9,6,11,7],"texture":"#1"}}},{"from":[8,1,13],"to":[9,2,14],"faces":{"north":{"uv":[8,10,9,11],"texture":"#1"},"east":{"uv":[8,10,9,11],"texture":"#1"},"south":{"uv":[8,10,9,11],"texture":"#1"},"west":{"uv":[8,10,9,11],"texture":"#1"},"up":{"uv":[8,10,9,11],"texture":"#1"},"down":{"uv":[8,10,9,11],"texture":"#1"}}},{"from":[8,1,2],"to":[9,2,3],"faces":{"north":{"uv":[0,0,1,1],"texture":"#1"},"east":{"uv":[0,0,1,1],"texture":"#1"},"south":{"uv":[0,0,1,1],"texture":"#1"},"west":{"uv":[0,0,1,1],"texture":"#1"},"up":{"uv":[0,0,1,1],"texture":"#1"},"down":{"uv":[0,0,1,1],"texture":"#1"}}},{"from":[8,0,2],"to":[10,1,3],"faces":{"north":{"uv":[0,0,2,1],"texture":"#1"},"east":{"uv":[0,0,1,1],"texture":"#1"},"south":{"uv":[0,0,2,1],"texture":"#1"},"west":{"uv":[0,0,1,1],"texture":"#1"},"up":{"uv":[0,0,2,1],"texture":"#1"},"down":{"uv":[0,0,2,1],"texture":"#1"}}},{"from":[9,1,3],"to":[12,2,4],"faces":{"north":{"uv":[3,7,6,8],"texture":"#1"},"east":{"uv":[3,7,4,8],"texture":"#1"},"south":{"uv":[3,7,6,8],"texture":"#1"},"west":{"uv":[3,7,4,8],"texture":"#1"},"up":{"uv":[3,7,6,8],"texture":"#1"},"down":{"uv":[3,7,6,8],"texture":"#1"}}},{"from":[9,1,12],"to":[12,2,13],"faces":{"north":{"uv":[9,8,12,9],"texture":"#1"},"east":{"uv":[9,8,10,9],"texture":"#1"},"south":{"uv":[9,8,12,9],"texture":"#1"},"west":{"uv":[9,8,10,9],"texture":"#1"},"up":{"uv":[9,8,12,9],"texture":"#1"},"down":{"uv":[9,8,12,9],"texture":"#1"}}},{"from":[8,2,12],"to":[11,3,13],"faces":{"north":{"uv":[6,10,9,11],"texture":"#1"},"east":{"uv":[6,10,7,11],"texture":"#1"},"south":{"uv":[6,10,9,11],"texture":"#1"},"west":{"uv":[6,10,7,11],"texture":"#1"},"up":{"uv":[6,10,9,11],"texture":"#1"},"down":{"uv":[6,10,9,11],"texture":"#1"}}},{"from":[8,3,12],"to":[10,4,13],"faces":{"north":{"uv":[0,0,2,1],"texture":"#1"},"east":{"uv":[0,0,1,1],"texture":"#1"},"south":{"uv":[0,0,2,1],"texture":"#1"},"west":{"uv":[0,0,1,1],"texture":"#1"},"up":{"uv":[0,0,2,1],"texture":"#1"},"down":{"uv":[0,0,2,1],"texture":"#1"}}},{"from":[8,4,11],"to":[10,5,12],"faces":{"north":{"uv":[0,0,2,1],"texture":"#1"},"east":{"uv":[0,0,1,1],"texture":"#1"},"south":{"uv":[0,0,2,1],"texture":"#1"},"west":{"uv":[0,0,1,1],"texture":"#1"},"up":{"uv":[0,0,2,1],"texture":"#1"},"down":{"uv":[0,0,2,1],"texture":"#1"}}},{"from":[8,4,4],"to":[10,5,5],"faces":{"north":{"uv":[0,0,2,1],"texture":"#1"},"east":{"uv":[0,0,1,1],"texture":"#1"},"south":{"uv":[0,0,2,1],"texture":"#1"},"west":{"uv":[0,0,1,1],"texture":"#1"},"up":{"uv":[0,0,2,1],"texture":"#1"},"down":{"uv":[0,0,2,1],"texture":"#1"}}},{"from":[8,4,5],"to":[10,5,6],"faces":{"north":{"uv":[4,12,6,13],"texture":"#1"},"east":{"uv":[4,12,5,13],"texture":"#1"},"south":{"uv":[4,12,6,13],"texture":"#1"},"west":{"uv":[4,12,5,13],"texture":"#1"},"up":{"uv":[4,12,6,13],"texture":"#1"},"down":{"uv":[4,12,6,13],"texture":"#1"}}},{"from":[8,4,10],"to":[10,5,11],"faces":{"north":{"uv":[10,9,12,10],"texture":"#1"},"east":{"uv":[10,9,11,10],"texture":"#1"},"south":{"uv":[10,9,12,10],"texture":"#1"},"west":{"uv":[10,9,11,10],"texture":"#1"},"up":{"uv":[10,9,12,10],"texture":"#1"},"down":{"uv":[10,9,12,10],"texture":"#1"}}},{"from":[9,4,6],"to":[10,5,10],"faces":{"north":{"uv":[0,0,1,1],"texture":"#1"},"east":{"uv":[0,0,4,1],"texture":"#1"},"south":{"uv":[0,0,1,1],"texture":"#1"},"west":{"uv":[0,0,4,1],"texture":"#1"},"up":{"uv":[0,0,1,4],"texture":"#1"},"down":{"uv":[0,0,1,4],"texture":"#1"}}},{"from":[8,5,6],"to":[9,6,10],"faces":{"north":{"uv":[0,0,1,1],"texture":"#1"},"east":{"uv":[0,0,4,1],"texture":"#1"},"south":{"uv":[0,0,1,1],"texture":"#1"},"west":{"uv":[0,0,4,1],"texture":"#1"},"up":{"uv":[0,0,1,4],"texture":"#1"},"down":{"uv":[0,0,1,4],"texture":"#1"}}},{"from":[11,2,11],"to":[12,3,12],"faces":{"north":{"uv":[0,0,1,1],"texture":"#1"},"east":{"uv":[0,0,1,1],"texture":"#1"},"south":{"uv":[0,0,1,1],"texture":"#1"},"west":{"uv":[0,0,1,1],"texture":"#1"},"up":{"uv":[0,0,1,1],"texture":"#1"},"down":{"uv":[0,0,1,1],"texture":"#1"}}},{"from":[11,3,10],"to":[12,4,11],"faces":{"north":{"uv":[8,10,9,11],"texture":"#1"},"east":{"uv":[8,10,9,11],"texture":"#1"},"south":{"uv":[8,10,9,11],"texture":"#1"},"west":{"uv":[8,10,9,11],"texture":"#1"},"up":{"uv":[8,10,9,11],"texture":"#1"},"down":{"uv":[8,10,9,11],"texture":"#1"}}},{"from":[10,3,11],"to":[11,4,12],"faces":{"north":{"uv":[0,0,1,1],"texture":"#1"},"east":{"uv":[0,0,1,1],"texture":"#1"},"south":{"uv":[0,0,1,1],"texture":"#1"},"west":{"uv":[0,0,1,1],"texture":"#1"},"up":{"uv":[0,0,1,1],"texture":"#1"},"down":{"uv":[0,0,1,1],"texture":"#1"}}},{"from":[8,3,3],"to":[10,4,4],"faces":{"north":{"uv":[2,0,4,1],"texture":"#1"},"east":{"uv":[1,0,2,1],"texture":"#1"},"south":{"uv":[2,0,4,1],"texture":"#1"},"west":{"uv":[1,0,2,1],"texture":"#1"},"up":{"uv":[0,1,2,2],"texture":"#1"},"down":{"uv":[0,1,2,2],"texture":"#1"}}},{"from":[10,3,4],"to":[11,4,5],"faces":{"north":{"uv":[8,7,9,8],"texture":"#1"},"east":{"uv":[8,7,9,8],"texture":"#1"},"south":{"uv":[8,7,9,8],"texture":"#1"},"west":{"uv":[8,7,9,8],"texture":"#1"},"up":{"uv":[7,8,8,9],"texture":"#1"},"down":{"uv":[7,8,8,9],"texture":"#1"}}},{"from":[11,3,5],"to":[12,4,6],"faces":{"north":{"uv":[1,0,2,1],"texture":"#1"},"east":{"uv":[1,0,2,1],"texture":"#1"},"south":{"uv":[1,0,2,1],"texture":"#1"},"west":{"uv":[1,0,2,1],"texture":"#1"},"up":{"uv":[0,1,1,2],"texture":"#1"},"down":{"uv":[0,1,1,2],"texture":"#1"}}},{"from":[11,2,4],"to":[12,3,5],"faces":{"north":{"uv":[1,0,2,1],"texture":"#1"},"east":{"uv":[1,0,2,1],"texture":"#1"},"south":{"uv":[1,0,2,1],"texture":"#1"},"west":{"uv":[1,0,2,1],"texture":"#1"},"up":{"uv":[0,1,1,2],"texture":"#1"},"down":{"uv":[0,1,1,2],"texture":"#1"}}},{"from":[8,2,3],"to":[11,3,4],"faces":{"north":{"uv":[3,0,6,1],"texture":"#1"},"east":{"uv":[1,0,2,1],"texture":"#1"},"south":{"uv":[3,0,6,1],"texture":"#1"},"west":{"uv":[1,0,2,1],"texture":"#1"},"up":{"uv":[0,1,3,2],"texture":"#1"},"down":{"uv":[0,1,3,2],"texture":"#1"}}},{"from":[10,0,3],"to":[12,1,4],"faces":{"north":{"uv":[6,12,8,13],"texture":"#1"},"east":{"uv":[6,12,7,13],"texture":"#1"},"south":{"uv":[6,12,8,13],"texture":"#1"},"west":{"uv":[6,12,7,13],"texture":"#1"},"up":{"uv":[6,12,8,13],"texture":"#1"},"down":{"uv":[6,12,8,13],"texture":"#1"}}},{"from":[2,0,6],"to":[3,1,10],"faces":{"north":{"uv":[1,0,2,1],"texture":"#1"},"east":{"uv":[4,0,8,1],"texture":"#1"},"south":{"uv":[1,0,2,1],"texture":"#1"},"west":{"uv":[4,0,8,1],"texture":"#1"},"up":{"uv":[1,0,2,4],"texture":"#1"},"down":{"uv":[1,0,2,4],"texture":"#1"}}},{"from":[3,0,10],"to":[4,1,12],"faces":{"north":{"uv":[1,0,2,1],"texture":"#1"},"east":{"uv":[2,0,4,1],"texture":"#1"},"south":{"uv":[1,0,2,1],"texture":"#1"},"west":{"uv":[2,0,4,1],"texture":"#1"},"up":{"uv":[1,0,2,2],"texture":"#1"},"down":{"uv":[1,0,2,2],"texture":"#1"}}},{"from":[2,1,7],"to":[3,2,9],"faces":{"north":{"uv":[1,0,2,1],"texture":"#1"},"east":{"uv":[2,0,4,1],"texture":"#1"},"south":{"uv":[1,0,2,1],"texture":"#1"},"west":{"uv":[2,0,4,1],"texture":"#1"},"up":{"uv":[1,0,2,2],"texture":"#1"},"down":{"uv":[1,0,2,2],"texture":"#1"}}},{"from":[3,2,5],"to":[4,3,11],"faces":{"north":{"uv":[1,0,2,1],"texture":"#1"},"east":{"uv":[6,0,12,1],"texture":"#1"},"south":{"uv":[1,0,2,1],"texture":"#1"},"west":{"uv":[6,0,12,1],"texture":"#1"},"up":{"uv":[1,0,2,6],"texture":"#1"},"down":{"uv":[1,0,2,6],"texture":"#1"}}},{"from":[3,3,6],"to":[4,4,10],"faces":{"north":{"uv":[1,0,2,1],"texture":"#1"},"east":{"uv":[4,0,8,1],"texture":"#1"},"south":{"uv":[1,0,2,1],"texture":"#1"},"west":{"uv":[4,0,8,1],"texture":"#1"},"up":{"uv":[1,0,2,4],"texture":"#1"},"down":{"uv":[1,0,2,4],"texture":"#1"}}},{"from":[4,4,6],"to":[5,5,10],"faces":{"north":{"uv":[1,0,2,1],"texture":"#1"},"east":{"uv":[4,0,8,1],"texture":"#1"},"south":{"uv":[1,0,2,1],"texture":"#1"},"west":{"uv":[4,0,8,1],"texture":"#1"},"up":{"uv":[1,0,2,4],"texture":"#1"},"down":{"uv":[1,0,2,4],"texture":"#1"}}},{"from":[5,4,5],"to":[6,5,11],"faces":{"north":{"uv":[1,0,2,1],"texture":"#1"},"east":{"uv":[6,0,12,1],"texture":"#1"},"south":{"uv":[1,0,2,1],"texture":"#1"},"west":{"uv":[6,0,12,1],"texture":"#1"},"up":{"uv":[1,0,2,6],"texture":"#1"},"down":{"uv":[1,0,2,6],"texture":"#1"}}},{"from":[6,5,7],"to":[7,6,9],"faces":{"north":{"uv":[1,0,2,1],"texture":"#1"},"east":{"uv":[2,0,4,1],"texture":"#1"},"south":{"uv":[1,0,2,1],"texture":"#1"},"west":{"uv":[2,0,4,1],"texture":"#1"},"up":{"uv":[1,0,2,2],"texture":"#1"},"down":{"uv":[1,0,2,2],"texture":"#1"}}},{"from":[3,1,9],"to":[4,2,12],"faces":{"north":{"uv":[1,0,2,1],"texture":"#1"},"east":{"uv":[3,0,6,1],"texture":"#1"},"south":{"uv":[1,0,2,1],"texture":"#1"},"west":{"uv":[3,0,6,1],"texture":"#1"},"up":{"uv":[1,0,2,3],"texture":"#1"},"down":{"uv":[1,0,2,3],"texture":"#1"}}},{"from":[3,1,4],"to":[4,2,7],"faces":{"north":{"uv":[1,0,2,1],"texture":"#1"},"east":{"uv":[3,0,6,1],"texture":"#1"},"south":{"uv":[1,0,2,1],"texture":"#1"},"west":{"uv":[3,0,6,1],"texture":"#1"},"up":{"uv":[1,0,2,3],"texture":"#1"},"down":{"uv":[1,0,2,3],"texture":"#1"}}},{"from":[3,0,4],"to":[4,1,6],"faces":{"north":{"uv":[1,0,2,1],"texture":"#1"},"east":{"uv":[2,0,4,1],"texture":"#1"},"south":{"uv":[1,0,2,1],"texture":"#1"},"west":{"uv":[2,0,4,1],"texture":"#1"},"up":{"uv":[1,0,2,2],"texture":"#1"},"down":{"uv":[1,0,2,2],"texture":"#1"}}},{"from":[4,0,12],"to":[6,1,13],"faces":{"north":{"uv":[2,0,4,1],"texture":"#1"},"east":{"uv":[1,0,2,1],"texture":"#1"},"south":{"uv":[2,0,4,1],"texture":"#1"},"west":{"uv":[1,0,2,1],"texture":"#1"},"up":{"uv":[2,0,4,1],"texture":"#1"},"down":{"uv":[2,0,4,1],"texture":"#1"}}},{"from":[6,0,13],"to":[8,1,14],"faces":{"north":{"uv":[2,0,4,1],"texture":"#1"},"east":{"uv":[1,0,2,1],"texture":"#1"},"south":{"uv":[2,0,4,1],"texture":"#1"},"west":{"uv":[1,0,2,1],"texture":"#1"},"up":{"uv":[2,0,4,1],"texture":"#1"},"down":{"uv":[2,0,4,1],"texture":"#1"}}},{"from":[7,1,13],"to":[8,2,14],"faces":{"north":{"uv":[1,0,2,1],"texture":"#1"},"east":{"uv":[1,0,2,1],"texture":"#1"},"south":{"uv":[1,0,2,1],"texture":"#1"},"west":{"uv":[1,0,2,1],"texture":"#1"},"up":{"uv":[1,0,2,1],"texture":"#1"},"down":{"uv":[1,0,2,1],"texture":"#1"}}},{"from":[7,1,2],"to":[8,2,3],"faces":{"north":{"uv":[1,0,2,1],"texture":"#1"},"east":{"uv":[1,0,2,1],"texture":"#1"},"south":{"uv":[1,0,2,1],"texture":"#1"},"west":{"uv":[1,0,2,1],"texture":"#1"},"up":{"uv":[1,0,2,1],"texture":"#1"},"down":{"uv":[1,0,2,1],"texture":"#1"}}},{"from":[6,0,2],"to":[8,1,3],"faces":{"north":{"uv":[2,0,4,1],"texture":"#1"},"east":{"uv":[1,0,2,1],"texture":"#1"},"south":{"uv":[2,0,4,1],"texture":"#1"},"west":{"uv":[1,0,2,1],"texture":"#1"},"up":{"uv":[2,0,4,1],"texture":"#1"},"down":{"uv":[2,0,4,1],"texture":"#1"}}},{"from":[4,1,3],"to":[7,2,4],"faces":{"north":{"uv":[3,0,6,1],"texture":"#1"},"east":{"uv":[1,0,2,1],"texture":"#1"},"south":{"uv":[3,0,6,1],"texture":"#1"},"west":{"uv":[1,0,2,1],"texture":"#1"},"up":{"uv":[3,0,6,1],"texture":"#1"},"down":{"uv":[3,0,6,1],"texture":"#1"}}},{"from":[4,1,12],"to":[7,2,13],"faces":{"north":{"uv":[3,0,6,1],"texture":"#1"},"east":{"uv":[1,0,2,1],"texture":"#1"},"south":{"uv":[3,0,6,1],"texture":"#1"},"west":{"uv":[1,0,2,1],"texture":"#1"},"up":{"uv":[3,0,6,1],"texture":"#1"},"down":{"uv":[3,0,6,1],"texture":"#1"}}},{"from":[5,2,12],"to":[8,3,13],"faces":{"north":{"uv":[3,0,6,1],"texture":"#1"},"east":{"uv":[1,0,2,1],"texture":"#1"},"south":{"uv":[3,0,6,1],"texture":"#1"},"west":{"uv":[1,0,2,1],"texture":"#1"},"up":{"uv":[3,0,6,1],"texture":"#1"},"down":{"uv":[3,0,6,1],"texture":"#1"}}},{"from":[6,3,12],"to":[8,4,13],"faces":{"north":{"uv":[2,0,4,1],"texture":"#1"},"east":{"uv":[1,0,2,1],"texture":"#1"},"south":{"uv":[2,0,4,1],"texture":"#1"},"west":{"uv":[1,0,2,1],"texture":"#1"},"up":{"uv":[2,0,4,1],"texture":"#1"},"down":{"uv":[2,0,4,1],"texture":"#1"}}},{"from":[6,4,11],"to":[8,5,12],"faces":{"north":{"uv":[2,0,4,1],"texture":"#1"},"east":{"uv":[1,0,2,1],"texture":"#1"},"south":{"uv":[2,0,4,1],"texture":"#1"},"west":{"uv":[1,0,2,1],"texture":"#1"},"up":{"uv":[2,0,4,1],"texture":"#1"},"down":{"uv":[2,0,4,1],"texture":"#1"}}},{"from":[6,4,4],"to":[8,5,5],"faces":{"north":{"uv":[2,0,4,1],"texture":"#1"},"east":{"uv":[1,0,2,1],"texture":"#1"},"south":{"uv":[2,0,4,1],"texture":"#1"},"west":{"uv":[1,0,2,1],"texture":"#1"},"up":{"uv":[2,0,4,1],"texture":"#1"},"down":{"uv":[2,0,4,1],"texture":"#1"}}},{"from":[6,4,5],"to":[8,5,6],"faces":{"north":{"uv":[2,0,4,1],"texture":"#1"},"east":{"uv":[1,0,2,1],"texture":"#1"},"south":{"uv":[2,0,4,1],"texture":"#1"},"west":{"uv":[1,0,2,1],"texture":"#1"},"up":{"uv":[2,0,4,1],"texture":"#1"},"down":{"uv":[2,0,4,1],"texture":"#1"}}},{"from":[6,4,10],"to":[8,5,11],"faces":{"north":{"uv":[7,12,9,13],"texture":"#1"},"east":{"uv":[6,12,7,13],"texture":"#1"},"south":{"uv":[7,12,9,13],"texture":"#1"},"west":{"uv":[6,12,7,13],"texture":"#1"},"up":{"uv":[7,12,9,13],"texture":"#1"},"down":{"uv":[7,12,9,13],"texture":"#1"}}},{"from":[6,4,6],"to":[7,5,10],"faces":{"north":{"uv":[1,0,2,1],"texture":"#1"},"east":{"uv":[4,0,8,1],"texture":"#1"},"south":{"uv":[1,0,2,1],"texture":"#1"},"west":{"uv":[4,0,8,1],"texture":"#1"},"up":{"uv":[1,0,2,4],"texture":"#1"},"down":{"uv":[1,0,2,4],"texture":"#1"}}},{"from":[7,5,6],"to":[8,6,10],"faces":{"north":{"uv":[1,0,2,1],"texture":"#1"},"east":{"uv":[4,0,8,1],"texture":"#1"},"south":{"uv":[1,0,2,1],"texture":"#1"},"west":{"uv":[4,0,8,1],"texture":"#1"},"up":{"uv":[1,0,2,4],"texture":"#1"},"down":{"uv":[1,0,2,4],"texture":"#1"}}},{"from":[4,2,11],"to":[5,3,12],"faces":{"north":{"uv":[1,0,2,1],"texture":"#1"},"east":{"uv":[1,0,2,1],"texture":"#1"},"south":{"uv":[1,0,2,1],"texture":"#1"},"west":{"uv":[1,0,2,1],"texture":"#1"},"up":{"uv":[1,0,2,1],"texture":"#1"},"down":{"uv":[1,0,2,1],"texture":"#1"}}},{"from":[4,3,10],"to":[5,4,11],"faces":{"north":{"uv":[1,0,2,1],"texture":"#1"},"east":{"uv":[1,0,2,1],"texture":"#1"},"south":{"uv":[1,0,2,1],"texture":"#1"},"west":{"uv":[1,0,2,1],"texture":"#1"},"up":{"uv":[1,0,2,1],"texture":"#1"},"down":{"uv":[1,0,2,1],"texture":"#1"}}},{"from":[5,3,11],"to":[6,4,12],"faces":{"north":{"uv":[1,0,2,1],"texture":"#1"},"east":{"uv":[1,0,2,1],"texture":"#1"},"south":{"uv":[1,0,2,1],"texture":"#1"},"west":{"uv":[1,0,2,1],"texture":"#1"},"up":{"uv":[1,0,2,1],"texture":"#1"},"down":{"uv":[1,0,2,1],"texture":"#1"}}},{"from":[6,3,3],"to":[8,4,4],"faces":{"north":{"uv":[0,0,2,1],"texture":"#1"},"east":{"uv":[0,0,1,1],"texture":"#1"},"south":{"uv":[0,0,2,1],"texture":"#1"},"west":{"uv":[0,0,1,1],"texture":"#1"},"up":{"uv":[2,1,4,2],"texture":"#1"},"down":{"uv":[2,1,4,2],"texture":"#1"}}},{"from":[5,3,4],"to":[6,4,5],"faces":{"north":{"uv":[0,0,1,1],"texture":"#1"},"east":{"uv":[0,0,1,1],"texture":"#1"},"south":{"uv":[0,0,1,1],"texture":"#1"},"west":{"uv":[0,0,1,1],"texture":"#1"},"up":{"uv":[1,1,2,2],"texture":"#1"},"down":{"uv":[1,1,2,2],"texture":"#1"}}},{"from":[4,3,5],"to":[5,4,6],"faces":{"north":{"uv":[0,0,1,1],"texture":"#1"},"east":{"uv":[0,0,1,1],"texture":"#1"},"south":{"uv":[0,0,1,1],"texture":"#1"},"west":{"uv":[0,0,1,1],"texture":"#1"},"up":{"uv":[1,1,2,2],"texture":"#1"},"down":{"uv":[1,1,2,2],"texture":"#1"}}},{"from":[4,2,4],"to":[5,3,5],"faces":{"north":{"uv":[2,0,3,1],"texture":"#1"},"east":{"uv":[2,0,3,1],"texture":"#1"},"south":{"uv":[2,0,3,1],"texture":"#1"},"west":{"uv":[2,0,3,1],"texture":"#1"},"up":{"uv":[1,1,2,2],"texture":"#1"},"down":{"uv":[1,1,2,2],"texture":"#1"}}},{"from":[5,2,3],"to":[8,3,4],"faces":{"north":{"uv":[6,0,9,1],"texture":"#1"},"east":{"uv":[2,0,3,1],"texture":"#1"},"south":{"uv":[6,0,9,1],"texture":"#1"},"west":{"uv":[2,0,3,1],"texture":"#1"},"up":{"uv":[3,1,6,2],"texture":"#1"},"down":{"uv":[3,1,6,2],"texture":"#1"}}},{"from":[4,0,3],"to":[6,1,4],"faces":{"north":{"uv":[2,0,4,1],"texture":"#1"},"east":{"uv":[1,0,2,1],"texture":"#1"},"south":{"uv":[2,0,4,1],"texture":"#1"},"west":{"uv":[1,0,2,1],"texture":"#1"},"up":{"uv":[2,0,4,1],"texture":"#1"},"down":{"uv":[2,0,4,1],"texture":"#1"}}},{"from":[2.5,2.5,7],"to":[3.5,4.5,9],"rotation":{"angle":-22.5,"axis":"z","origin":[3,3.5,8]},"faces":{"north":{"uv":[10,13,12,14],"rotation":90,"texture":"#1"},"east":{"uv":[10,13,12,15],"rotation":270,"texture":"#1"},"south":{"uv":[10,13,12,14],"rotation":270,"texture":"#1"},"west":{"uv":[10,13,12,15],"rotation":270,"texture":"#1"},"up":{"uv":[10,13,12,14],"rotation":270,"texture":"#1"},"down":{"uv":[10,14,12,15],"rotation":270,"texture":"#1"}}},{"from":[12.5,2.5,7],"to":[13.5,4.5,9],"rotation":{"angle":22.5,"axis":"z","origin":[13,3.5,8]},"faces":{"north":{"uv":[12,4,14,5],"rotation":270,"texture":"#1"},"east":{"uv":[12,4,14,6],"rotation":90,"texture":"#1"},"south":{"uv":[12,4,14,5],"rotation":90,"texture":"#1"},"west":{"uv":[12,4,14,6],"rotation":90,"texture":"#1"},"up":{"uv":[12,4,14,5],"rotation":90,"texture":"#1"},"down":{"uv":[12,5,14,6],"rotation":90,"texture":"#1"}}},{"from":[6.425,3.375,11],"to":[9.425,4.375,14],"rotation":{"angle":45,"axis":"x","origin":[7.925,3.875,12.5]},"faces":{"north":{"uv":[4,7,5,10],"rotation":90,"texture":"#1"},"east":{"uv":[2,7,5,8],"texture":"#1"},"south":{"uv":[2,7,3,10],"rotation":90,"texture":"#1"},"west":{"uv":[2,9,5,10],"texture":"#1"},"up":{"uv":[2,7,5,10],"texture":"#1"},"down":{"uv":[2,7,5,10],"texture":"#1"}}},{"from":[6.425,2.375,3],"to":[9.425,5.375,4],"rotation":{"angle":22.5,"axis":"x","origin":[7.925,3.875,3.5]},"faces":{"north":{"uv":[11,7,14,10],"rotation":180,"texture":"#1"},"east":{"uv":[11,7,14,8],"rotation":90,"texture":"#1"},"south":{"uv":[11,7,14,10],"texture":"#1"},"west":{"uv":[11,7,14,8],"rotation":270,"texture":"#1"},"up":{"uv":[11,7,14,8],"texture":"#1"},"down":{"uv":[11,9,14,10],"rotation":180,"texture":"#1"}}},{"from":[8,0,0],"to":[8,16,16],"shade":false,"rotation":{"angle":-45,"axis":"y","origin":[8,8,8]},"faces":{"east":{"uv":[0,0,16,16],"texture":"#cross"},"west":{"uv":[0,0,16,16],"texture":"#cross"}}},{"from":[0,0,8],"to":[16,16,8],"shade":false,"rotation":{"angle":-45,"axis":"y","origin":[8,8,8]},"faces":{"north":{"uv":[0,0,16,16],"texture":"#cross"},"south":{"uv":[0,0,16,16],"texture":"#cross"}}}]}