{"credit":"Made with Blockbench by Valdr687","textures":{"0":"block/potted/cactus_small","particle":"block/potted/cactus_small"},"elements":[{"from":[5.5,0,5.5],"to":[10.5,5,10.5],"faces":{"north":{"uv":[1,7,6,12],"texture":"#0"},"east":{"uv":[1,7,6,12],"texture":"#0"},"south":{"uv":[1,7,6,12],"texture":"#0"},"west":{"uv":[1,7,6,12],"texture":"#0"},"up":{"uv":[1,1,6,6],"texture":"#0"},"down":{"uv":[7,1,12,6],"texture":"#0"}}},{"from":[4.5,3,5.5],"to":[5.5,4,5.5],"faces":{"north":{"uv":[6,8,7,9],"texture":"#0"},"south":{"uv":[6,8,7,9],"texture":"#0"}}},{"from":[10.5,2,5.5],"to":[11.5,3,5.5],"faces":{"north":{"uv":[0,9,1,10],"texture":"#0"},"south":{"uv":[0,9,1,10],"texture":"#0"}}},{"from":[10.5,3,10.5],"to":[11.5,4,10.5],"faces":{"north":{"uv":[0,9,1,10],"texture":"#0"},"south":{"uv":[0,9,1,10],"texture":"#0"}}},{"from":[4.5,2,10.5],"to":[5.5,3,10.5],"faces":{"north":{"uv":[6,8,7,9],"texture":"#0"},"south":{"uv":[6,8,7,9],"texture":"#0"}}},{"from":[10.5,3,4.5],"to":[10.5,4,5.5],"faces":{"east":{"uv":[0,9,1,10],"texture":"#0"},"west":{"uv":[0,9,1,10],"texture":"#0"}}},{"from":[10.5,2,10.5],"to":[10.5,3,11.5],"faces":{"east":{"uv":[6,8,7,9],"texture":"#0"},"west":{"uv":[6,8,7,9],"texture":"#0"}}},{"from":[5.5,2,4.5],"to":[5.5,3,5.5],"faces":{"east":{"uv":[0,9,1,10],"texture":"#0"},"west":{"uv":[0,9,1,10],"texture":"#0"}}},{"from":[4.5,3,5.5],"to":[5.5,4,5.5],"faces":{"north":{"uv":[0,9,1,10],"texture":"#0"},"south":{"uv":[0,9,1,10],"texture":"#0"}}},{"from":[5.5,3,10.5],"to":[5.5,4,11.5],"faces":{"east":{"uv":[6,8,7,9],"texture":"#0"},"west":{"uv":[6,8,7,9],"texture":"#0"}}},{"from":[10.5,2,5.5],"to":[11.5,3,5.5],"faces":{"north":{"uv":[6,8,7,9],"texture":"#0"},"south":{"uv":[6,8,7,9],"texture":"#0"}}}]}