{
  "credit": "Made with Blockbench",
  "ambientocclusion": false,
  "texture_size": [32, 32],
  "textures": {
    "0": "block/cherry_leaves",
    "particle": "block/cherry_leaves"
  },
  "elements": [
    {
      "name": "block",
      "from": [0, 0, -2],
      "to": [16, 0, 14],
      "rotation": {
        "angle": -45,
        "axis": "x",
        "origin": [0, 0, 0],
        "rescale": true
      },
      "faces": {
        "north": {
          "uv": [0, 0, 16, 16],
          "rotation": 90,
          "texture": "#0",
          "tintindex": 0
        },
        "east": {
          "uv": [0, 0, 16, 16],
          "rotation": 270,
          "texture": "#0",
          "tintindex": 0
        },
        "south": {
          "uv": [0, 0, 16, 16],
          "rotation": 270,
          "texture": "#0",
          "tintindex": 0
        },
        "west": {
          "uv": [0, 0, 16, 16],
          "rotation": 270,
          "texture": "#0",
          "tintindex": 0
        },
        "up": {
          "uv": [0, 0, 16, 16],
          "rotation": 270,
          "texture": "#0",
          "tintindex": 0
        },
        "down": {
          "uv": [0, 0, 16, 16],
          "rotation": 270,
          "texture": "#0",
          "tintindex": 0
        }
      }
    },
    {
      "from": [10, -9, 1],
      "to": [10, 9, 21],
      "shade": false,
      "rotation": {
        "angle": -22.5,
        "axis": "x",
        "origin": [14.125, -8, -6.8125],
        "rescale": true
      },
      "faces": {
        "north": { "uv": [0, 0, 16, 16], "texture": "#0", "tintindex": 0 },
        "east": { "uv": [0, 0, 16, 16], "texture": "#0", "tintindex": 0 },
        "south": { "uv": [0, 0, 16, 16], "texture": "#0", "tintindex": 0 },
        "west": { "uv": [0, 0, 16, 16], "texture": "#0", "tintindex": 0 },
        "up": { "uv": [0, 0, 16, 16], "texture": "#0", "tintindex": 0 },
        "down": { "uv": [0, 0, 16, 16], "texture": "#0", "tintindex": 0 }
      }
    },
    {
      "from": [-0.28553, 4.90812, 0],
      "to": [17.71447, 4.90812, 20],
      "shade": false,
      "rotation": {
        "angle": 22.5,
        "axis": "z",
        "origin": [3.125, 5, -6.8125],
        "rescale": true
      },
      "faces": {
        "north": {
          "uv": [0, 0, 16, 16],
          "rotation": 180,
          "texture": "#0",
          "tintindex": 0
        },
        "east": {
          "uv": [0, 0, 16, 16],
          "rotation": 180,
          "texture": "#0",
          "tintindex": 0
        },
        "south": {
          "uv": [0, 0, 16, 16],
          "rotation": 180,
          "texture": "#0",
          "tintindex": 0
        },
        "west": {
          "uv": [0, 0, 16, 16],
          "rotation": 180,
          "texture": "#0",
          "tintindex": 0
        },
        "up": {
          "uv": [0, 0, 16, 16],
          "rotation": 180,
          "texture": "#0",
          "tintindex": 0
        },
        "down": {
          "uv": [0, 0, 16, 16],
          "rotation": 180,
          "texture": "#0",
          "tintindex": 0
        }
      }
    },
    {
      "from": [-2.28553, -5.09188, 9],
      "to": [13.71447, 12.90812, 9],
      "shade": false,
      "rotation": {
        "angle": -22.5,
        "axis": "x",
        "origin": [3.125, 5, -6.8125],
        "rescale": true
      },
      "faces": {
        "north": {
          "uv": [0, 0, 16, 16],
          "rotation": 180,
          "texture": "#0",
          "tintindex": 0
        },
        "east": {
          "uv": [0, 0, 16, 16],
          "rotation": 180,
          "texture": "#0",
          "tintindex": 0
        },
        "south": {
          "uv": [0, 0, 16, 16],
          "rotation": 180,
          "texture": "#0",
          "tintindex": 0
        },
        "west": {
          "uv": [0, 0, 16, 16],
          "rotation": 180,
          "texture": "#0",
          "tintindex": 0
        },
        "up": {
          "uv": [0, 0, 16, 16],
          "rotation": 180,
          "texture": "#0",
          "tintindex": 0
        },
        "down": {
          "uv": [0, 0, 16, 16],
          "rotation": 180,
          "texture": "#0",
          "tintindex": 0
        }
      }
    }
  ],
  "display": {
    "thirdperson_righthand": {
      "scale": [0.32, 0.32, 0.32]
    },
    "thirdperson_lefthand": {
      "scale": [0.32, 0.32, 0.32]
    },
    "firstperson_righthand": {
      "translation": [-1.5, 1.75, 0],
      "scale": [0.32, 0.32, 0.32]
    },
    "firstperson_lefthand": {
      "translation": [-1.75, 2.5, 0],
      "scale": [0.32, 0.32, 0.32]
    },
    "ground": {
      "scale": [0.32, 0.32, 0.32]
    },
    "gui": {
      "rotation": [43, -21, 0],
      "scale": [0.5, 0.5, 0.5]
    }
  },
  "groups": [
    0,
    {
      "name": "group",
      "origin": [-6.8125, -8, 1.875],
      "color": 0,
      "children": [1, 2, 3]
    }
  ]
}
