{
	"credit": "Made with Blockbench",
	"parent": "minecraft:block/door_bottom_left",
	"texture_size": [64, 64],
	"textures": {
		"1": "block/cherry_door_bottom_1",
		"particle": "block/cherry_door_bottom",
		"bottom": "block/cherry_door_bottom"
	},
	"elements": [
		{
			"from": [0, 0, 0],
			"to": [3, 16, 16],
			"faces": {
				"north": {"uv": [0.75, 0, 0.25, 16], "texture": "#bottom", "cullface": "north"},
				"east": {"uv": [16, 0, 0, 16], "texture": "#bottom"},
				"south": {"uv": [15.25, 0, 15.75, 16], "texture": "#bottom", "cullface": "south"},
				"west": {"uv": [0, 0, 16, 16], "texture": "#bottom", "cullface": "west"},
				"down": {"uv": [16, 15.25, 0, 15.75], "rotation": 90, "texture": "#bottom", "cullface": "down"}
			}
		},
		{
			"from": [3, 16, 12],
			"to": [0, 15, 4],
			"faces": {
				"north": {"uv": [12.75, 0, 12.25, 1], "texture": "#bottom"},
				"south": {"uv": [3.75, 0, 3.25, 1], "texture": "#bottom"},
				"up": {"uv": [4, 1.25, 12, 1.75], "rotation": 90, "texture": "#bottom"}
			}
		},
		{
			"name": "Element",
			"from": [1, 15, 4],
			"to": [2, 16, 12],
			"faces": {
				"east": {"uv": [4, 1, 12, 0], "texture": "#1"},
				"west": {"uv": [4, 1, 12, 0], "texture": "#1"}
			}
		},
		{
			"name": "Element",
			"from": [1, 15, 4],
			"to": [2, 16, 7],
			"faces": {
				"up": {"uv": [4, 0.25, 7, 0.75], "rotation": 90, "texture": "#1"}
			}
		},
		{
			"name": "Element",
			"from": [1, 15, 9],
			"to": [2, 16, 12],
			"faces": {
				"up": {"uv": [9, 0.25, 12, 0.75], "rotation": 90, "texture": "#1"}
			}
		},
		{
			"name": "Element",
			"from": [2, 16, 6],
			"to": [1, 15, 5],
			"faces": {
				"north": {"uv": [6.25, 0, 6.75, 0.75], "texture": "#1"},
				"south": {"uv": [4.25, 0, 4.75, 0.75], "texture": "#1"}
			}
		},
		{
			"name": "Element",
			"from": [2, 16, 11],
			"to": [1, 15, 10],
			"faces": {
				"north": {"uv": [11.25, 0, 11.75, 0.75], "texture": "#1"},
				"south": {"uv": [9.25, 0, 9.75, 0.75], "texture": "#1"}
			}
		}
	]
}