{
  "credit": "Made with Blockbench",
  "ambientocclusion": false,
  "texture_size": [32, 32],
  "textures": {
    "0": "block/cherry_leaves",
    "particle": "block/cherry_leaves"
  },
  "elements": [
    {
      "name": "block",
      "from": [-10, 7, 0],
      "to": [8, 7, 20],
      "rotation": {
        "angle": -45,
        "axis": "z",
        "origin": [0, 0, 0],
        "rescale": true
      },
      "faces": {
        "north": {
          "uv": [0, 0, 16, 16],
          "rotation": 90,
          "texture": "#0",
          "tintindex": 0
        },
        "east": {
          "uv": [0, 0, 16, 16],
          "rotation": 270,
          "texture": "#0",
          "tintindex": 0
        },
        "south": {
          "uv": [0, 0, 16, 16],
          "rotation": 270,
          "texture": "#0",
          "tintindex": 0
        },
        "west": {
          "uv": [0, 0, 16, 16],
          "rotation": 270,
          "texture": "#0",
          "tintindex": 0
        },
        "up": {
          "uv": [0, 0, 16, 16],
          "rotation": 270,
          "texture": "#0",
          "tintindex": 0
        },
        "down": {
          "uv": [0, 0, 16, 16],
          "rotation": 270,
          "texture": "#0",
          "tintindex": 0
        }
      }
    },
    {
      "name": "block",
      "from": [6, 3, 0],
      "to": [6, 21, 20],
      "rotation": {
        "angle": -22.5,
        "axis": "z",
        "origin": [0, 0, 0],
        "rescale": true
      },
      "faces": {
        "north": { "uv": [0, 0, 16, 16], "texture": "#0", "tintindex": 0 },
        "east": { "uv": [0, 0, 16, 16], "texture": "#0", "tintindex": 0 },
        "south": { "uv": [0, 0, 16, 16], "texture": "#0", "tintindex": 0 },
        "west": { "uv": [0, 0, 16, 16], "texture": "#0", "tintindex": 0 },
        "up": { "uv": [0, 0, 16, 16], "texture": "#0", "tintindex": 0 },
        "down": { "uv": [0, 0, 16, 16], "texture": "#0", "tintindex": 0 }
      }
    },
    {
      "name": "block",
      "from": [0, 0, -2],
      "to": [18, 0, 18],
      "rotation": {
        "angle": -45,
        "axis": "x",
        "origin": [0, 0, 0],
        "rescale": true
      },
      "faces": {
        "north": {
          "uv": [0, 0, 16, 16],
          "rotation": 90,
          "texture": "#0",
          "tintindex": 0
        },
        "east": {
          "uv": [0, 0, 16, 16],
          "rotation": 270,
          "texture": "#0",
          "tintindex": 0
        },
        "south": {
          "uv": [0, 0, 16, 16],
          "rotation": 270,
          "texture": "#0",
          "tintindex": 0
        },
        "west": {
          "uv": [0, 0, 16, 16],
          "rotation": 270,
          "texture": "#0",
          "tintindex": 0
        },
        "up": {
          "uv": [0, 0, 16, 16],
          "rotation": 270,
          "texture": "#0",
          "tintindex": 0
        },
        "down": {
          "uv": [0, 0, 16, 16],
          "rotation": 270,
          "texture": "#0",
          "tintindex": 0
        }
      }
    },
    {
      "from": [5, 3, -11],
      "to": [5, 21, 9],
      "shade": false,
      "rotation": {
        "angle": 45,
        "axis": "y",
        "origin": [14.125, -8, -6.8125],
        "rescale": true
      },
      "faces": {
        "north": { "uv": [0, 0, 16, 16], "texture": "#0", "tintindex": 0 },
        "east": { "uv": [0, 0, 16, 16], "texture": "#0", "tintindex": 0 },
        "south": { "uv": [0, 0, 16, 16], "texture": "#0", "tintindex": 0 },
        "west": { "uv": [0, 0, 16, 16], "texture": "#0", "tintindex": 0 },
        "up": { "uv": [0, 0, 16, 16], "texture": "#0", "tintindex": 0 },
        "down": { "uv": [0, 0, 16, 16], "texture": "#0", "tintindex": 0 }
      }
    }
  ],
  "display": {
    "thirdperson_righthand": {
      "scale": [0.32, 0.32, 0.32]
    },
    "thirdperson_lefthand": {
      "scale": [0.32, 0.32, 0.32]
    },
    "firstperson_righthand": {
      "translation": [-1.5, 1.75, 0],
      "scale": [0.32, 0.32, 0.32]
    },
    "firstperson_lefthand": {
      "translation": [-1.75, 2.5, 0],
      "scale": [0.32, 0.32, 0.32]
    },
    "ground": {
      "scale": [0.32, 0.32, 0.32]
    },
    "gui": {
      "rotation": [43, -21, 0],
      "scale": [0.5, 0.5, 0.5]
    }
  },
  "groups": [
    0,
    1,
    2,
    {
      "name": "group",
      "origin": [-6.8125, -8, 1.875],
      "color": 0,
      "children": [3]
    }
  ]
}
