{"credit":"Made with Blockbench by Valdr687","ambientocclusion":false,"textures":{"particle":"block/cocoa_stage2","cocoa":"block/cocoa_stage2"},"elements":[{"from":[4,3,7],"to":[12,12,15],"faces":{"north":{"uv":[8,7,16,16],"texture":"#cocoa"},"east":{"uv":[8,7,16,16],"texture":"#cocoa"},"south":{"uv":[8,7,16,16],"texture":"#cocoa"},"west":{"uv":[8,7,16,16],"texture":"#cocoa"},"up":{"uv":[0,0,8,8],"texture":"#cocoa"},"down":{"uv":[0,0,8,8],"texture":"#cocoa"}}},{"from":[8,12,12],"to":[8,16,16],"faces":{"east":{"uv":[16,3,12,7],"texture":"#cocoa"},"west":{"uv":[12,3,16,7],"texture":"#cocoa"}}}]}