{
	"credit": "Made with Blockbench",
	"textures": {
		"0": "block/crimson_trapdoor",
		"particle": "block/crimson_trapdoor"
	},
	"elements": [
		{
			"name": "Element",
			"from": [0, 13, 0],
			"to": [16, 16, 16],
			"faces": {
				"north": {"uv": [0, 0.25, 16, 0.75], "texture": "#0", "cullface": "north"},
				"east": {"uv": [0.25, 0, 0.75, 16], "rotation": 270, "texture": "#0", "cullface": "east"},
				"south": {"uv": [0, 0.25, 16, 0.75], "texture": "#0", "cullface": "south"},
				"west": {"uv": [15.25, 0, 15.75, 16], "rotation": 90, "texture": "#0", "cullface": "west"},
				"up": {"uv": [0, 16, 16, 0], "texture": "#0", "cullface": "up"},
				"down": {"uv": [0, 0, 16, 16], "texture": "#0"}
			}
		},
		{
			"name": "Element",
			"from": [13, 16, 4],
			"to": [3, 13, 3],
			"rotation": {"angle": 0, "axis": "y", "origin": [11, 0, 2]},
			"faces": {
				"north": {"uv": [3, 11.76563, 13, 11.26563], "rotation": 180, "texture": "#0"},
				"east": {"uv": [13.75, 12, 13.25, 13], "rotation": 90, "texture": "#0"},
				"south": {"uv": [3, 13.75, 13, 13.25], "texture": "#0"},
				"west": {"uv": [2.75, 12, 2.25, 13], "rotation": 270, "texture": "#0"}
			}
		},
		{
			"name": "Element",
			"from": [13, 16, 13],
			"to": [3, 13, 12],
			"rotation": {"angle": 0, "axis": "y", "origin": [11, 0, 11]},
			"faces": {
				"north": {"uv": [3, 2.75, 13, 2.25], "rotation": 180, "texture": "#0"},
				"east": {"uv": [13.75, 3, 13.25, 4], "rotation": 90, "texture": "#0"},
				"south": {"uv": [3, 4.75, 13, 4.25], "texture": "#0"},
				"west": {"uv": [2.75, 3, 2.25, 4], "rotation": 270, "texture": "#0"}
			}
		},
		{
			"name": "Element",
			"from": [13, 16, 9],
			"to": [3, 13, 7],
			"rotation": {"angle": 0, "axis": "y", "origin": [11, 0, 13]},
			"faces": {
				"north": {"uv": [3, 6.75, 13, 6.25], "rotation": 180, "texture": "#0"},
				"east": {"uv": [13.75, 7, 13.25, 9], "rotation": 90, "texture": "#0"},
				"south": {"uv": [3, 9.75, 13, 9.25], "texture": "#0"},
				"west": {"uv": [2.75, 7, 2.25, 9], "rotation": 270, "texture": "#0"}
			}
		}
	]
}