{
	"credit": "Made with Blockbench",
	"parent": "block/thin_block",
	"textures": {
		"0": "block/crimson_trapdoor",
		"particle": "block/crimson_trapdoor"
	},
	"elements": [
		{
			"name": "Element",
			"from": [0, 0, 0],
			"to": [16, 3, 16],
			"faces": {
				"north": {"uv": [0, 15.25, 16, 15.75], "texture": "#0", "cullface": "north"},
				"east": {"uv": [0.25, 0, 0.75, 16], "rotation": 270, "texture": "#0", "cullface": "east"},
				"south": {"uv": [0, 0.25, 16, 0.75], "texture": "#0", "cullface": "south"},
				"west": {"uv": [15.25, 0, 15.75, 16], "rotation": 90, "texture": "#0", "cullface": "west"},
				"up": {"uv": [0, 16, 16, 0], "texture": "#0"},
				"down": {"uv": [0, 0, 16, 16], "texture": "#0", "cullface": "down"}
			}
		},
		{
			"name": "Element",
			"from": [13, 3, 13],
			"to": [3, 0, 12],
			"faces": {
				"north": {"uv": [3, 13.5, 13, 13], "rotation": 180, "texture": "#0"},
				"east": {"uv": [3, 12, 2.5, 13], "rotation": 90, "texture": "#0"},
				"south": {"uv": [3, 12, 13, 11.5], "texture": "#0"},
				"west": {"uv": [13.5, 12, 13, 13], "rotation": 270, "texture": "#0"}
			}
		},
		{
			"name": "Element",
			"from": [13, 3, 4],
			"to": [3, 0, 3],
			"faces": {
				"north": {"uv": [3, 4.5, 13, 4], "rotation": 180, "texture": "#0"},
				"east": {"uv": [3, 3, 2.5, 4], "rotation": 90, "texture": "#0"},
				"south": {"uv": [3, 3, 13, 2.5], "texture": "#0"},
				"west": {"uv": [13.5, 3, 13, 4], "rotation": 270, "texture": "#0"}
			}
		},
		{
			"name": "Element",
			"from": [13, 3, 9],
			"to": [3, 0, 7],
			"faces": {
				"north": {"uv": [3, 9.5, 13, 9], "rotation": 180, "texture": "#0"},
				"east": {"uv": [3, 7, 2.5, 9], "rotation": 90, "texture": "#0"},
				"south": {"uv": [3, 7, 13, 6.5], "texture": "#0"},
				"west": {"uv": [13.5, 7, 13, 9], "rotation": 270, "texture": "#0"}
			}
		}
	]
}