{
	"credit": "Made with Blockbench",
	"textures": {
		"0": "block/crimson_trapdoor",
		"particle": "block/crimson_trapdoor"
	},
	"elements": [
		{
			"name": "Element",
			"from": [0, 0, 13],
			"to": [16, 16, 16],
			"faces": {
				"north": {"uv": [0, 0, 16, 16], "rotation": 180, "texture": "#0"},
				"east": {"uv": [0.25, 0, 0.75, 16], "rotation": 180, "texture": "#0", "cullface": "east"},
				"south": {"uv": [0, 16, 16, 0], "texture": "#0", "cullface": "south"},
				"west": {"uv": [15.25, 0, 15.75, 16], "rotation": 180, "texture": "#0", "cullface": "west"},
				"up": {"uv": [0, 0.25, 16, 0.75], "rotation": 180, "texture": "#0", "cullface": "up"},
				"down": {"uv": [0, 0.25, 16, 0.75], "texture": "#0", "cullface": "down"}
			}
		},
		{
			"name": "Element",
			"from": [13, 13, 16],
			"to": [3, 12, 13],
			"rotation": {"angle": 0, "axis": "y", "origin": [11, 15, 0]},
			"faces": {
				"east": {"uv": [2.75, 3, 2.25, 4], "texture": "#0"},
				"west": {"uv": [13.75, 3, 13.25, 4], "texture": "#0"},
				"up": {"uv": [3, 2.75, 13, 2.25], "texture": "#0"},
				"down": {"uv": [3, 4.75, 13, 4.25], "texture": "#0"}
			}
		},
		{
			"name": "Element",
			"from": [13, 9, 16],
			"to": [3, 7, 13],
			"rotation": {"angle": 0, "axis": "y", "origin": [11, 14, 0]},
			"faces": {
				"east": {"uv": [2.75, 7, 2.25, 9], "texture": "#0"},
				"west": {"uv": [13.75, 7, 13.25, 9], "texture": "#0"},
				"up": {"uv": [3, 6.75, 13, 6.25], "texture": "#0"},
				"down": {"uv": [3, 9.75, 13, 9.25], "texture": "#0"}
			}
		},
		{
			"name": "Element",
			"from": [13, 4, 16],
			"to": [3, 3, 13],
			"rotation": {"angle": 0, "axis": "y", "origin": [11, 6, 0]},
			"faces": {
				"east": {"uv": [2.75, 12, 2.25, 13], "texture": "#0"},
				"west": {"uv": [13.75, 12, 13.25, 13], "texture": "#0"},
				"up": {"uv": [3, 11.75, 13, 11.25], "texture": "#0"},
				"down": {"uv": [3, 13.75, 13, 13.25], "texture": "#0"}
			}
		}
	]
}