{
  "credit": "Made with Blockbench",
  "textures": {
    "0": "block/crimson_door_top",
    "particle": "block/crimson_door_top"
  },
  "elements": [
    {
      "name": "Element",
      "from": [0, 0, 0],
      "to": [3, 16, 16],
      "faces": {
        "north": {
          "uv": [0, 0, 0.5, 16],
          "texture": "#0",
          "cullface": "north"
        },
        "east": { "uv": [16, 0, 0, 16], "texture": "#0" },
        "south": {
          "uv": [15.5, 0, 16, 16],
          "texture": "#0",
          "cullface": "south"
        },
        "west": { "uv": [0, 0, 16, 16], "texture": "#0", "cullface": "west" },
        "up": {
          "uv": [0, 0, 16, 0.5],
          "rotation": 90,
          "texture": "#0",
          "cullface": "up"
        }
      }
    }
  ]
}
