{
	"credit": "mikapika!",
	"texture_size": [32, 32],
	"textures": {
		"0": "block/crimson_fungus",
		"particle": "block/crimson_fungus"
	},
	"elements": [
		{
			"name": "stem",
			"from": [7, 0, 7],
			"to": [9, 5, 9],
			"rotation": {"angle": 0, "axis": "y", "origin": [7, 0, 7]},
			"faces": {
				"north": {"uv": [2, 9.5, 3, 12], "texture": "#0"},
				"east": {"uv": [1, 9.5, 2, 12], "texture": "#0"},
				"south": {"uv": [4, 9.5, 5, 12], "texture": "#0"},
				"west": {"uv": [3, 9.5, 4, 12], "texture": "#0"},
				"up": {"uv": [0, 8.5, 1, 9.5], "texture": "#missing"},
				"down": {"uv": [0, 9.5, 1, 10.5], "texture": "#0"}
			}
		},
		{
			"name": "stem",
			"from": [6.6, 0, 6.6],
			"to": [8.6, 5, 6.6],
			"rotation": {"angle": 0, "axis": "y", "origin": [6.6, 0, 4.8]},
			"faces": {
				"north": {"uv": [2, 12, 3, 14.5], "texture": "#0"},
				"south": {"uv": [1, 12, 2, 14.5], "texture": "#0"}
			}
		},
		{
			"name": "stem",
			"from": [6.6, 0, 6.6],
			"to": [6.6, 5, 8.6],
			"rotation": {"angle": 0, "axis": "y", "origin": [4.2, 0, 6.6]},
			"faces": {
				"east": {"uv": [2, 12, 3, 14.5], "texture": "#0"},
				"west": {"uv": [1, 12, 2, 14.5], "texture": "#0"}
			}
		},
		{
			"name": "head",
			"from": [5, 7, 5],
			"to": [11, 12, 11],
			"rotation": {"angle": 0, "axis": "y", "origin": [7, 6, 7]},
			"faces": {
				"north": {"uv": [3, 0, 6, 2.5], "texture": "#0"},
				"east": {"uv": [3, 2.5, 6, 5], "texture": "#0"},
				"south": {"uv": [3, 5, 6, 7.5], "texture": "#0"},
				"west": {"uv": [0, 6, 3, 8.5], "texture": "#0"},
				"up": {"uv": [3, 3, 0, 0], "texture": "#0"},
				"down": {"uv": [3, 3, 0, 6], "texture": "#0"}
			}
		},
		{
			"name": "lip",
			"from": [4, 5, 4],
			"to": [12, 7, 12],
			"rotation": {"angle": 0, "axis": "y", "origin": [7, 5, 1]},
			"faces": {
				"north": {"uv": [10, 0, 14, 1], "texture": "#0"},
				"east": {"uv": [10, 3, 14, 4], "texture": "#0"},
				"south": {"uv": [10, 2, 14, 3], "texture": "#0"},
				"west": {"uv": [10, 1, 14, 2], "texture": "#0"},
				"up": {"uv": [6, 0, 10, 4], "texture": "#0"},
				"down": {"uv": [6, 4, 10, 8], "texture": "#0"}
			}
		},
		{
			"name": "lip",
			"from": [12.4, 5, 3.6],
			"to": [12.4, 7, 12.4],
			"rotation": {"angle": 0, "axis": "y", "origin": [7.1, 5, 1]},
			"faces": {
				"east": {"uv": [12, 9, 16, 10], "texture": "#0"},
				"west": {"uv": [12, 8, 16, 9], "texture": "#0"}
			}
		},
		{
			"name": "lip",
			"from": [3.6, 5, 3.6],
			"to": [3.6, 7, 12.4],
			"rotation": {"angle": 0, "axis": "y", "origin": [-1.7, 5, 1]},
			"faces": {
				"east": {"uv": [12, 13, 16, 14], "texture": "#0"},
				"west": {"uv": [12, 12, 16, 13], "texture": "#0"}
			}
		},
		{
			"name": "lip",
			"from": [3.6, 5, 3.6],
			"to": [12.4, 7, 3.6],
			"rotation": {"angle": 0, "axis": "y", "origin": [7, 5, -7.7]},
			"faces": {
				"north": {"uv": [12, 10, 16, 11], "texture": "#0"},
				"south": {"uv": [12, 11, 16, 12], "texture": "#0"}
			}
		},
		{
			"name": "lip",
			"from": [3.6, 5, 12.4],
			"to": [12.4, 7, 12.4],
			"rotation": {"angle": 0, "axis": "y", "origin": [7, 5, 1.1]},
			"faces": {
				"north": {"uv": [12, 14, 16, 15], "texture": "#0"},
				"south": {"uv": [12, 15, 16, 16], "texture": "#0"}
			}
		},
		{
			"from": [4.6, 12.4, 4.6],
			"to": [6.6, 12.4, 6.6],
			"rotation": {"angle": 0, "axis": "y", "origin": [4.6, 10.4, 4.6]},
			"faces": {
				"up": {"uv": [3, 3, 2, 2], "texture": "#0"},
				"down": {"uv": [3, 2, 2, 3], "texture": "#0"}
			}
		},
		{
			"from": [6, 12.4, 9.4],
			"to": [8, 12.4, 11.4],
			"rotation": {"angle": 0, "axis": "y", "origin": [6, 10.4, 9.4]},
			"faces": {
				"up": {"uv": [2.5, 1, 1.5, 0], "texture": "#0"},
				"down": {"uv": [2.5, 0, 1.5, 1], "texture": "#0"}
			}
		},
		{
			"from": [9, 12.4, 6],
			"to": [10, 12.4, 7],
			"rotation": {"angle": 0, "axis": "y", "origin": [8, 10.4, 6]},
			"faces": {
				"up": {"uv": [1, 2.5, 0.5, 2], "texture": "#0"},
				"down": {"uv": [1, 2, 0.5, 2.5], "texture": "#0"}
			}
		},
		{
			"from": [4.6, 10.4, 4.6],
			"to": [4.6, 12.4, 6.6],
			"rotation": {"angle": 0, "axis": "y", "origin": [4.6, 10.4, 4.6]},
			"faces": {
				"east": {"uv": [1, 6, 0, 7], "texture": "#0"},
				"west": {"uv": [0, 6, 1, 7], "texture": "#0"}
			}
		},
		{
			"from": [11.4, 8, 6],
			"to": [11.4, 10, 8],
			"rotation": {"angle": 0, "axis": "y", "origin": [11.4, 8, 6]},
			"faces": {
				"east": {"uv": [4.5, 3.5, 5.5, 4.5], "texture": "#0"},
				"west": {"uv": [5.5, 3.5, 4.5, 4.5], "texture": "#0"}
			}
		},
		{
			"from": [4.6, 10.4, 4.6],
			"to": [6.6, 12.4, 4.6],
			"rotation": {"angle": 0, "axis": "y", "origin": [4.6, 10.4, 4.6]},
			"faces": {
				"north": {"uv": [1, 6, 0, 7], "texture": "#0"},
				"south": {"uv": [0, 6, 1, 7], "texture": "#0"}
			}
		},
		{
			"from": [6, 10.4, 11.4],
			"to": [8, 12.4, 11.4],
			"rotation": {"angle": 0, "axis": "y", "origin": [6, 10.4, 11.4]},
			"faces": {
				"north": {"uv": [4.5, 5, 3.5, 6], "texture": "#0"},
				"south": {"uv": [3.5, 5, 4.5, 6], "texture": "#0"}
			}
		}
	]
}