{"credit":"Made with Blockbench by Valdr687","ambientocclusion":false,"textures":{"particle":"#crop"},"elements":[{"from":[3.975,-1.5,-0.025],"to":[3.975,14.5,15.975],"faces":{"east":{"uv":[0,0,16,16],"texture":"#crop"},"west":{"uv":[0,0,16,16],"texture":"#crop"}}},{"from":[11.975,-1.5,-0.025],"to":[11.975,14.5,15.975],"faces":{"east":{"uv":[0,0,16,16],"texture":"#crop"},"west":{"uv":[0,0,16,16],"texture":"#crop"}}},{"from":[-0.025,-1.5,3.975],"to":[15.975,14.5,3.975],"faces":{"north":{"uv":[0,0,16,16],"texture":"#crop"},"south":{"uv":[0,0,16,16],"texture":"#crop"}}},{"from":[-0.025,-1.5,11.975],"to":[15.975,14.5,11.975],"faces":{"north":{"uv":[0,0,16,16],"texture":"#crop"},"south":{"uv":[0,0,16,16],"texture":"#crop"}}}]}