{"credit":"Made with Blockbench by Valdr687","textures":{"0":"block/dandelion","particle":"block/dandelion"},"elements":[{"from":[5,5.025,12],"to":[7,7.025,12],"rotation":{"angle":22.5,"axis":"x","origin":[6,5.025,12]},"faces":{"north":{"uv":[7,8,9,10],"rotation":180,"texture":"#0"},"south":{"uv":[8,8,10,10],"texture":"#0"}}},{"from":[7.2,1.975,10],"to":[7.2,3.975,12],"rotation":{"angle":22.5,"axis":"z","origin":[-1.5,-2,3.5]},"faces":{"east":{"uv":[7,8,9,10],"rotation":270,"texture":"#0"},"west":{"uv":[6,8,8,10],"rotation":270,"texture":"#0"}}},{"from":[5,5.025,10],"to":[7,7.025,10],"rotation":{"angle":-22.5,"axis":"x","origin":[6,5.025,10]},"faces":{"north":{"uv":[8,8,10,10],"rotation":180,"texture":"#0"},"south":{"uv":[7,8,9,10],"texture":"#0"}}},{"from":[5,5.025,10],"to":[7,5.025,12],"faces":{"up":{"uv":[7,8,9,10],"texture":"#0"},"down":{"uv":[8,8,10,10],"texture":"#0"}}},{"from":[3.6,8.075,10],"to":[3.6,10.075,12],"rotation":{"angle":-22.5,"axis":"z","origin":[-2.5,-2,3.5]},"faces":{"east":{"uv":[8,8,10,10],"rotation":270,"texture":"#0"},"west":{"uv":[8,8,10,10],"rotation":270,"texture":"#0"}}},{"from":[6,5,10.5],"to":[6,7,11.5],"rotation":{"angle":45,"axis":"y","origin":[6,-2,11]},"faces":{"east":{"uv":[9,8,10,10],"texture":"#0"},"west":{"uv":[8,8,9,10],"texture":"#0"}}},{"from":[6,5,10.5],"to":[6,7,11.5],"rotation":{"angle":-45,"axis":"y","origin":[6,-2,11]},"faces":{"east":{"uv":[9,8,10,10],"texture":"#0"},"west":{"uv":[9,8,10,10],"texture":"#0"}}},{"from":[6,0,11.35],"to":[6,5,14.35],"faces":{"east":{"uv":[12,11,9,16],"texture":"#0"},"west":{"uv":[9,11,12,16],"texture":"#0"}}},{"from":[2.5,0,11],"to":[5.5,6,11],"faces":{"north":{"uv":[9,11,12,16],"texture":"#0"},"south":{"uv":[12,11,9,16],"texture":"#0"}}},{"from":[6,0,7.6],"to":[6,5,10.6],"faces":{"east":{"uv":[7,11,4,16],"texture":"#0"},"west":{"uv":[4,11,7,16],"texture":"#0"}}},{"from":[5.5,0,10.5],"to":[6.5,5,11.5],"faces":{"north":{"uv":[7,11,8,16],"texture":"#0"},"east":{"uv":[7,11,8,16],"texture":"#0"},"south":{"uv":[7,11,8,16],"texture":"#0"},"west":{"uv":[7,11,8,16],"texture":"#0"},"up":{"uv":[7,11,8,12],"texture":"#0"},"down":{"uv":[7,15,8,16],"texture":"#0"}}},{"from":[6.5,0,11],"to":[9.5,5,11],"faces":{"north":{"uv":[12,11,9,16],"texture":"#0"},"south":{"uv":[9,11,12,16],"texture":"#0"}}},{"from":[8,5.025,8],"to":[10,7.025,8],"rotation":{"angle":22.5,"axis":"x","origin":[9,5.025,8]},"faces":{"north":{"uv":[7,8,9,10],"rotation":180,"texture":"#0"},"south":{"uv":[8,8,10,10],"texture":"#0"}}},{"from":[10.2,1.975,6],"to":[10.2,3.975,8],"rotation":{"angle":22.5,"axis":"z","origin":[1.5,-2,-0.5]},"faces":{"east":{"uv":[7,8,9,10],"rotation":270,"texture":"#0"},"west":{"uv":[6,8,8,10],"rotation":270,"texture":"#0"}}},{"from":[8,5.025,6],"to":[10,7.025,6],"rotation":{"angle":-22.5,"axis":"x","origin":[9,5.025,6]},"faces":{"north":{"uv":[8,8,10,10],"rotation":180,"texture":"#0"},"south":{"uv":[7,8,9,10],"texture":"#0"}}},{"from":[8,5.025,6],"to":[10,5.025,8],"faces":{"up":{"uv":[7,8,9,10],"texture":"#0"},"down":{"uv":[8,8,10,10],"texture":"#0"}}},{"from":[6.6,8.075,6],"to":[6.6,10.075,8],"rotation":{"angle":-22.5,"axis":"z","origin":[0.5,-2,-0.5]},"faces":{"east":{"uv":[8,8,10,10],"rotation":270,"texture":"#0"},"west":{"uv":[8,8,10,10],"rotation":270,"texture":"#0"}}},{"from":[9,5,6.5],"to":[9,7,7.5],"rotation":{"angle":45,"axis":"y","origin":[9,-2,7]},"faces":{"east":{"uv":[9,8,10,10],"texture":"#0"},"west":{"uv":[8,8,9,10],"texture":"#0"}}},{"from":[9,5,6.5],"to":[9,7,7.5],"rotation":{"angle":-45,"axis":"y","origin":[9,-2,7]},"faces":{"east":{"uv":[9,8,10,10],"texture":"#0"},"west":{"uv":[9,8,10,10],"texture":"#0"}}},{"from":[9,0,7.35],"to":[9,5,10.35],"faces":{"east":{"uv":[12,11,9,16],"texture":"#0"},"west":{"uv":[9,11,12,16],"texture":"#0"}}},{"from":[5.5,0,7],"to":[8.5,6,7],"faces":{"north":{"uv":[9,11,12,16],"texture":"#0"},"south":{"uv":[12,11,9,16],"texture":"#0"}}},{"from":[9,0,3.6],"to":[9,5,6.6],"faces":{"east":{"uv":[7,11,4,16],"texture":"#0"},"west":{"uv":[4,11,7,16],"texture":"#0"}}},{"from":[8.5,0,6.5],"to":[9.5,5,7.5],"faces":{"north":{"uv":[7,11,8,16],"texture":"#0"},"east":{"uv":[7,11,8,16],"texture":"#0"},"south":{"uv":[7,11,8,16],"texture":"#0"},"west":{"uv":[7,11,8,16],"texture":"#0"},"up":{"uv":[7,11,8,12],"texture":"#0"},"down":{"uv":[7,15,8,16],"texture":"#0"}}},{"from":[9.5,0,7],"to":[12.5,5,7],"faces":{"north":{"uv":[12,11,9,16],"texture":"#0"},"south":{"uv":[9,11,12,16],"texture":"#0"}}}]}