{
	"credit": "Made with Blockbench by Valdr687",
	"parent": "minecraft:block/cross",
	"textures": {
		"particle": "block/dead_bush",
		"cross": "block/dead_bush"
	},
	"elements": [
		{
			"from": [7, 0, 7],
			"to": [9, 10, 9],
			"rotation": {"angle": 45, "axis": "y", "origin": [7.25, 8.25, 8.75]},
			"faces": {
				"north": {"uv": [8, 6, 10, 16], "texture": "#cross"},
				"east": {"uv": [8, 6, 10, 16], "texture": "#cross"},
				"south": {"uv": [8, 6, 10, 16], "texture": "#cross"},
				"west": {"uv": [8, 6, 10, 16], "texture": "#cross"},
				"up": {"uv": [8, 6, 10, 8], "texture": "#cross"},
				"down": {"uv": [8, 14, 10, 16], "texture": "#cross"}
			}
		},
		{
			"from": [7.5, 11, 8],
			"to": [8.5, 13, 9],
			"rotation": {"angle": 45, "axis": "y", "origin": [7.25, 8.25, 8.75]},
			"faces": {
				"east": {"uv": [9, 3, 10, 5], "texture": "#cross"},
				"south": {"uv": [9, 3, 10, 5], "texture": "#cross"},
				"west": {"uv": [9, 3, 10, 5], "texture": "#cross"},
				"up": {"uv": [9, 3, 10, 4], "texture": "#cross"},
				"down": {"uv": [9, 4, 10, 5], "texture": "#cross"}
			}
		},
		{
			"from": [7.5, 14, 5],
			"to": [8.5, 16, 6],
			"rotation": {"angle": 45, "axis": "y", "origin": [7.25, 8.25, 8.75]},
			"faces": {
				"north": {"uv": [11, 0, 12, 2], "texture": "#cross"},
				"east": {"uv": [11, 0, 12, 2], "texture": "#cross"},
				"south": {"uv": [11, 0, 12, 2], "texture": "#cross"},
				"west": {"uv": [11, 0, 12, 2], "texture": "#cross"},
				"up": {"uv": [11, 0, 12, 1], "rotation": 180, "texture": "#cross"},
				"down": {"uv": [11, 1, 12, 2], "rotation": 180, "texture": "#cross"}
			}
		},
		{
			"from": [7.5, 12, 6],
			"to": [8.5, 15, 7],
			"rotation": {"angle": 45, "axis": "y", "origin": [7.25, 8.25, 8.75]},
			"faces": {
				"north": {"uv": [10, 1, 11, 4], "texture": "#cross"},
				"east": {"uv": [10, 1, 11, 4], "texture": "#cross"},
				"south": {"uv": [10, 1, 11, 4], "texture": "#cross"},
				"west": {"uv": [10, 1, 11, 4], "texture": "#cross"},
				"up": {"uv": [10, 1, 11, 2], "rotation": 180, "texture": "#cross"},
				"down": {"uv": [10, 3, 11, 4], "rotation": 180, "texture": "#cross"}
			}
		},
		{
			"from": [7.5, 6, 6],
			"to": [8.5, 8, 7],
			"rotation": {"angle": 45, "axis": "y", "origin": [7.25, 8.25, 8.75]},
			"faces": {
				"north": {"uv": [10, 8, 11, 10], "texture": "#cross"},
				"east": {"uv": [10, 8, 11, 10], "texture": "#cross"},
				"west": {"uv": [10, 8, 11, 10], "texture": "#cross"},
				"up": {"uv": [10, 8, 11, 9], "rotation": 180, "texture": "#cross"},
				"down": {"uv": [10, 9, 11, 10], "rotation": 180, "texture": "#cross"}
			}
		},
		{
			"from": [7.5, 7, 5],
			"to": [8.5, 9, 6],
			"rotation": {"angle": 45, "axis": "y", "origin": [7.25, 8.25, 8.75]},
			"faces": {
				"north": {"uv": [11, 7, 12, 9], "texture": "#cross"},
				"east": {"uv": [11, 7, 12, 9], "texture": "#cross"},
				"south": {"uv": [11, 7, 12, 9], "texture": "#cross"},
				"west": {"uv": [11, 7, 12, 9], "texture": "#cross"},
				"up": {"uv": [11, 7, 12, 8], "rotation": 180, "texture": "#cross"},
				"down": {"uv": [11, 8, 12, 9], "rotation": 180, "texture": "#cross"}
			}
		},
		{
			"from": [7.5, 10, 7],
			"to": [8.5, 14, 8],
			"rotation": {"angle": 45, "axis": "y", "origin": [7.25, 8.25, 8.75]},
			"faces": {
				"north": {"uv": [8, 2, 9, 6], "texture": "#cross"},
				"east": {"uv": [8, 2, 9, 6], "texture": "#cross"},
				"south": {"uv": [8, 2, 9, 6], "texture": "#cross"},
				"west": {"uv": [8, 2, 9, 6], "texture": "#cross"},
				"up": {"uv": [8, 2, 9, 3], "texture": "#cross"}
			}
		},
		{
			"from": [7.5, 4, 6],
			"to": [8.5, 5, 7],
			"rotation": {"angle": 45, "axis": "y", "origin": [7.25, 8.25, 8.75]},
			"faces": {
				"north": {"uv": [10, 11, 11, 12], "texture": "#cross"},
				"east": {"uv": [10, 11, 11, 12], "texture": "#cross"},
				"west": {"uv": [10, 11, 11, 12], "texture": "#cross"},
				"up": {"uv": [10, 11, 11, 12], "rotation": 180, "texture": "#cross"},
				"down": {"uv": [10, 11, 11, 12], "rotation": 180, "texture": "#cross"}
			}
		},
		{
			"from": [7.5, 11, 5],
			"to": [8.5, 12, 6],
			"rotation": {"angle": 45, "axis": "y", "origin": [7.25, 8.25, 8.75]},
			"faces": {
				"north": {"uv": [11, 4, 12, 5], "texture": "#cross"},
				"east": {"uv": [11, 4, 12, 5], "texture": "#cross"},
				"south": {"uv": [11, 4, 12, 5], "texture": "#cross"},
				"west": {"uv": [11, 4, 12, 5], "texture": "#cross"},
				"up": {"uv": [11, 4, 12, 5], "rotation": 180, "texture": "#cross"},
				"down": {"uv": [11, 4, 12, 5], "rotation": 180, "texture": "#cross"}
			}
		},
		{
			"from": [7.5, 1, 5],
			"to": [8.5, 2, 7],
			"rotation": {"angle": 45, "axis": "y", "origin": [7.25, 8.25, 8.75]},
			"faces": {
				"north": {"uv": [11, 14, 12, 15], "texture": "#cross"},
				"east": {"uv": [10, 14, 12, 15], "texture": "#cross"},
				"west": {"uv": [10, 14, 12, 15], "texture": "#cross"},
				"up": {"uv": [10, 14, 12, 15], "rotation": 270, "texture": "#cross"},
				"down": {"uv": [12, 14, 10, 15], "rotation": 270, "texture": "#cross"}
			}
		},
		{
			"from": [7.5, 2, 4],
			"to": [8.5, 3, 6],
			"rotation": {"angle": 45, "axis": "y", "origin": [7.25, 8.25, 8.75]},
			"faces": {
				"north": {"uv": [12, 13, 13, 14], "texture": "#cross"},
				"east": {"uv": [11, 13, 13, 14], "texture": "#cross"},
				"south": {"uv": [11, 13, 12, 14], "texture": "#cross"},
				"west": {"uv": [11, 13, 13, 14], "texture": "#cross"},
				"up": {"uv": [11, 13, 13, 14], "rotation": 270, "texture": "#cross"},
				"down": {"uv": [13, 13, 11, 14], "rotation": 270, "texture": "#cross"}
			}
		},
		{
			"from": [7.5, 8, 3],
			"to": [8.5, 9, 5],
			"rotation": {"angle": 45, "axis": "y", "origin": [7.25, 8.25, 8.75]},
			"faces": {
				"north": {"uv": [13, 7, 14, 8], "texture": "#cross"},
				"east": {"uv": [12, 7, 14, 8], "texture": "#cross"},
				"west": {"uv": [12, 7, 14, 8], "texture": "#cross"},
				"up": {"uv": [12, 7, 14, 8], "rotation": 270, "texture": "#cross"},
				"down": {"uv": [14, 7, 12, 8], "rotation": 270, "texture": "#cross"}
			}
		},
		{
			"from": [7.5, 9, 2],
			"to": [8.5, 10, 4],
			"rotation": {"angle": 45, "axis": "y", "origin": [7.25, 8.25, 8.75]},
			"faces": {
				"north": {"uv": [14, 6, 15, 7], "texture": "#cross"},
				"east": {"uv": [13, 6, 15, 7], "texture": "#cross"},
				"south": {"uv": [13, 6, 14, 7], "texture": "#cross"},
				"west": {"uv": [13, 6, 15, 7], "texture": "#cross"},
				"up": {"uv": [13, 6, 15, 7], "rotation": 270, "texture": "#cross"},
				"down": {"uv": [15, 6, 13, 7], "rotation": 270, "texture": "#cross"}
			}
		},
		{
			"from": [6, 0, 7.5],
			"to": [7, 3, 8.5],
			"rotation": {"angle": 45, "axis": "y", "origin": [7.25, 8.25, 8.75]},
			"faces": {
				"north": {"uv": [7, 13, 8, 16], "texture": "#cross"},
				"south": {"uv": [7, 13, 8, 16], "texture": "#cross"},
				"west": {"uv": [7, 13, 8, 16], "texture": "#cross"},
				"up": {"uv": [7, 13, 8, 14], "rotation": 270, "texture": "#cross"},
				"down": {"uv": [7, 15, 8, 16], "rotation": 90, "texture": "#cross"}
			}
		},
		{
			"from": [5, 2, 7.5],
			"to": [6, 4, 8.5],
			"rotation": {"angle": 45, "axis": "y", "origin": [7.25, 8.25, 8.75]},
			"faces": {
				"north": {"uv": [6, 12, 7, 14], "texture": "#cross"},
				"east": {"uv": [6, 12, 7, 14], "texture": "#cross"},
				"south": {"uv": [6, 12, 7, 14], "texture": "#cross"},
				"west": {"uv": [6, 12, 7, 14], "texture": "#cross"},
				"up": {"uv": [6, 12, 7, 13], "rotation": 270, "texture": "#cross"},
				"down": {"uv": [6, 13, 7, 14], "rotation": 90, "texture": "#cross"}
			}
		},
		{
			"from": [5, 6, 7.5],
			"to": [6, 8, 8.5],
			"rotation": {"angle": 45, "axis": "y", "origin": [7.25, 8.25, 8.75]},
			"faces": {
				"north": {"uv": [6, 8, 7, 10], "texture": "#cross"},
				"south": {"uv": [6, 8, 7, 10], "texture": "#cross"},
				"west": {"uv": [6, 8, 7, 10], "texture": "#cross"},
				"up": {"uv": [6, 8, 7, 9], "rotation": 270, "texture": "#cross"},
				"down": {"uv": [6, 9, 7, 10], "rotation": 90, "texture": "#cross"}
			}
		},
		{
			"from": [5, 9, 7.5],
			"to": [6, 12, 8.5],
			"rotation": {"angle": 45, "axis": "y", "origin": [7.25, 8.25, 8.75]},
			"faces": {
				"north": {"uv": [6, 4, 7, 7], "texture": "#cross"},
				"east": {"uv": [6, 4, 7, 7], "texture": "#cross"},
				"south": {"uv": [6, 4, 7, 7], "texture": "#cross"},
				"west": {"uv": [6, 4, 7, 7], "texture": "#cross"},
				"up": {"uv": [6, 4, 7, 5], "rotation": 270, "texture": "#cross"},
				"down": {"uv": [6, 6, 7, 7], "rotation": 90, "texture": "#cross"}
			}
		},
		{
			"from": [4, 10, 7.5],
			"to": [5, 13, 8.5],
			"rotation": {"angle": 45, "axis": "y", "origin": [7.25, 8.25, 8.75]},
			"faces": {
				"north": {"uv": [5, 3, 6, 6], "texture": "#cross"},
				"east": {"uv": [5, 3, 6, 6], "texture": "#cross"},
				"south": {"uv": [5, 3, 6, 6], "texture": "#cross"},
				"west": {"uv": [5, 3, 6, 6], "texture": "#cross"},
				"up": {"uv": [5, 3, 6, 4], "rotation": 270, "texture": "#cross"},
				"down": {"uv": [5, 5, 6, 6], "rotation": 90, "texture": "#cross"}
			}
		},
		{
			"from": [3, 11, 7.5],
			"to": [4, 14, 8.5],
			"rotation": {"angle": 45, "axis": "y", "origin": [7.25, 8.25, 8.75]},
			"faces": {
				"north": {"uv": [4, 1, 5, 4], "texture": "#cross"},
				"east": {"uv": [4, 1, 5, 4], "texture": "#cross"},
				"south": {"uv": [4, 1, 5, 4], "texture": "#cross"},
				"west": {"uv": [4, 1, 5, 4], "texture": "#cross"},
				"up": {"uv": [4, 1, 5, 2], "rotation": 270, "texture": "#cross"},
				"down": {"uv": [4, 3, 5, 4], "rotation": 90, "texture": "#cross"}
			}
		},
		{
			"from": [4, 7, 7.5],
			"to": [5, 9, 8.5],
			"rotation": {"angle": 45, "axis": "y", "origin": [7.25, 8.25, 8.75]},
			"faces": {
				"north": {"uv": [5, 7, 6, 9], "texture": "#cross"},
				"east": {"uv": [5, 7, 6, 9], "texture": "#cross"},
				"south": {"uv": [5, 7, 6, 9], "texture": "#cross"},
				"west": {"uv": [5, 7, 6, 9], "texture": "#cross"},
				"up": {"uv": [5, 7, 6, 8], "rotation": 270, "texture": "#cross"},
				"down": {"uv": [5, 8, 6, 9], "rotation": 90, "texture": "#cross"}
			}
		},
		{
			"from": [2, 8, 7.5],
			"to": [4, 10, 8.5],
			"rotation": {"angle": 45, "axis": "y", "origin": [7.25, 8.25, 8.75]},
			"faces": {
				"north": {"uv": [3, 6, 5, 8], "texture": "#cross"},
				"east": {"uv": [3, 6, 4, 8], "texture": "#cross"},
				"south": {"uv": [3, 6, 5, 8], "texture": "#cross"},
				"west": {"uv": [3, 6, 4, 8], "texture": "#cross"},
				"up": {"uv": [3, 6, 5, 7], "texture": "#cross"},
				"down": {"uv": [5, 7, 3, 8], "rotation": 180, "texture": "#cross"}
			}
		},
		{
			"from": [8, 11, 7.5],
			"to": [9, 13, 8.5],
			"rotation": {"angle": 45, "axis": "y", "origin": [7.25, 8.25, 8.75]},
			"faces": {
				"north": {"uv": [9, 3, 10, 5], "texture": "#cross"},
				"east": {"uv": [9, 3, 10, 5], "texture": "#cross"},
				"south": {"uv": [9, 3, 10, 5], "texture": "#cross"},
				"up": {"uv": [9, 3, 10, 4], "rotation": 270, "texture": "#cross"},
				"down": {"uv": [9, 4, 10, 5], "rotation": 90, "texture": "#cross"}
			}
		},
		{
			"from": [10, 14, 7.5],
			"to": [11, 16, 8.5],
			"rotation": {"angle": 45, "axis": "y", "origin": [7.25, 8.25, 8.75]},
			"faces": {
				"north": {"uv": [11, 0, 12, 2], "texture": "#cross"},
				"east": {"uv": [11, 0, 12, 2], "texture": "#cross"},
				"south": {"uv": [11, 0, 12, 2], "texture": "#cross"},
				"west": {"uv": [11, 0, 12, 2], "texture": "#cross"},
				"up": {"uv": [11, 0, 12, 1], "rotation": 270, "texture": "#cross"},
				"down": {"uv": [11, 1, 12, 2], "rotation": 90, "texture": "#cross"}
			}
		},
		{
			"from": [9, 12, 7.5],
			"to": [10, 15, 8.5],
			"rotation": {"angle": 45, "axis": "y", "origin": [7.25, 8.25, 8.75]},
			"faces": {
				"north": {"uv": [10, 1, 11, 4], "texture": "#cross"},
				"east": {"uv": [10, 1, 11, 4], "texture": "#cross"},
				"south": {"uv": [10, 1, 11, 4], "texture": "#cross"},
				"west": {"uv": [10, 1, 11, 4], "texture": "#cross"},
				"up": {"uv": [10, 1, 11, 2], "rotation": 270, "texture": "#cross"},
				"down": {"uv": [10, 3, 11, 4], "rotation": 90, "texture": "#cross"}
			}
		},
		{
			"from": [9, 6, 7.5],
			"to": [10, 8, 8.5],
			"rotation": {"angle": 45, "axis": "y", "origin": [7.25, 8.25, 8.75]},
			"faces": {
				"north": {"uv": [10, 8, 11, 10], "texture": "#cross"},
				"east": {"uv": [10, 8, 11, 10], "texture": "#cross"},
				"south": {"uv": [10, 8, 11, 10], "texture": "#cross"},
				"up": {"uv": [10, 8, 11, 9], "rotation": 270, "texture": "#cross"},
				"down": {"uv": [10, 9, 11, 10], "rotation": 90, "texture": "#cross"}
			}
		},
		{
			"from": [10, 7, 7.5],
			"to": [11, 9, 8.5],
			"rotation": {"angle": 45, "axis": "y", "origin": [7.25, 8.25, 8.75]},
			"faces": {
				"north": {"uv": [11, 7, 12, 9], "texture": "#cross"},
				"east": {"uv": [11, 7, 12, 9], "texture": "#cross"},
				"south": {"uv": [11, 7, 12, 9], "texture": "#cross"},
				"west": {"uv": [11, 7, 12, 9], "texture": "#cross"},
				"up": {"uv": [11, 7, 12, 8], "rotation": 270, "texture": "#cross"},
				"down": {"uv": [11, 8, 12, 9], "rotation": 90, "texture": "#cross"}
			}
		},
		{
			"from": [6, 5, 7.5],
			"to": [7, 11, 8.5],
			"rotation": {"angle": 45, "axis": "y", "origin": [7.25, 8.25, 8.75]},
			"faces": {
				"north": {"uv": [7, 5, 8, 11], "texture": "#cross"},
				"south": {"uv": [7, 5, 8, 11], "texture": "#cross"},
				"west": {"uv": [7, 5, 8, 11], "texture": "#cross"},
				"up": {"uv": [7, 5, 8, 6], "rotation": 270, "texture": "#cross"},
				"down": {"uv": [7, 10, 8, 11], "rotation": 90, "texture": "#cross"}
			}
		},
		{
			"from": [7, 10, 7.5],
			"to": [8, 14, 8.5],
			"rotation": {"angle": 45, "axis": "y", "origin": [7.25, 8.25, 8.75]},
			"faces": {
				"north": {"uv": [8, 2, 9, 6], "texture": "#cross"},
				"east": {"uv": [8, 2, 9, 6], "texture": "#cross"},
				"south": {"uv": [8, 2, 9, 6], "texture": "#cross"},
				"west": {"uv": [8, 2, 9, 6], "texture": "#cross"},
				"up": {"uv": [8, 2, 9, 3], "rotation": 270, "texture": "#cross"}
			}
		},
		{
			"from": [4, 3, 7.5],
			"to": [5, 5, 8.5],
			"rotation": {"angle": 45, "axis": "y", "origin": [7.25, 8.25, 8.75]},
			"faces": {
				"north": {"uv": [5, 11, 6, 13], "texture": "#cross"},
				"east": {"uv": [5, 11, 6, 13], "texture": "#cross"},
				"south": {"uv": [5, 11, 6, 13], "texture": "#cross"},
				"west": {"uv": [5, 11, 6, 13], "texture": "#cross"},
				"up": {"uv": [5, 11, 6, 12], "rotation": 270, "texture": "#cross"},
				"down": {"uv": [5, 12, 6, 13], "rotation": 90, "texture": "#cross"}
			}
		},
		{
			"from": [3, 4, 7.5],
			"to": [4, 5, 8.5],
			"rotation": {"angle": 45, "axis": "y", "origin": [7.25, 8.25, 8.75]},
			"faces": {
				"north": {"uv": [4, 11, 5, 12], "texture": "#cross"},
				"south": {"uv": [4, 11, 5, 12], "texture": "#cross"},
				"west": {"uv": [4, 11, 5, 12], "texture": "#cross"},
				"up": {"uv": [4, 11, 5, 12], "rotation": 270, "texture": "#cross"},
				"down": {"uv": [4, 11, 5, 12], "rotation": 90, "texture": "#cross"}
			}
		},
		{
			"from": [9, 4, 7.5],
			"to": [10, 5, 8.5],
			"rotation": {"angle": 45, "axis": "y", "origin": [7.25, 8.25, 8.75]},
			"faces": {
				"north": {"uv": [10, 11, 11, 12], "texture": "#cross"},
				"east": {"uv": [10, 11, 11, 12], "texture": "#cross"},
				"south": {"uv": [10, 11, 11, 12], "texture": "#cross"},
				"up": {"uv": [10, 11, 11, 12], "rotation": 270, "texture": "#cross"},
				"down": {"uv": [10, 11, 11, 12], "rotation": 90, "texture": "#cross"}
			}
		},
		{
			"from": [10, 11, 7.5],
			"to": [11, 12, 8.5],
			"rotation": {"angle": 45, "axis": "y", "origin": [7.25, 8.25, 8.75]},
			"faces": {
				"north": {"uv": [11, 4, 12, 5], "texture": "#cross"},
				"east": {"uv": [11, 4, 12, 5], "texture": "#cross"},
				"south": {"uv": [11, 4, 12, 5], "texture": "#cross"},
				"west": {"uv": [11, 4, 12, 5], "texture": "#cross"},
				"up": {"uv": [11, 4, 12, 5], "rotation": 270, "texture": "#cross"},
				"down": {"uv": [11, 4, 12, 5], "rotation": 90, "texture": "#cross"}
			}
		},
		{
			"from": [1, 9, 7.5],
			"to": [2, 10, 8.5],
			"rotation": {"angle": 45, "axis": "y", "origin": [7.25, 8.25, 8.75]},
			"faces": {
				"north": {"uv": [2, 6, 3, 7], "texture": "#cross"},
				"south": {"uv": [2, 6, 3, 7], "texture": "#cross"},
				"west": {"uv": [2, 6, 3, 7], "texture": "#cross"},
				"up": {"uv": [2, 6, 3, 7], "rotation": 270, "texture": "#cross"},
				"down": {"uv": [2, 6, 3, 7], "rotation": 90, "texture": "#cross"}
			}
		},
		{
			"from": [9, 1, 7.5],
			"to": [11, 2, 8.5],
			"rotation": {"angle": 45, "axis": "y", "origin": [7.25, 8.25, 8.75]},
			"faces": {
				"north": {"uv": [10, 14, 12, 15], "texture": "#cross"},
				"east": {"uv": [11, 14, 12, 15], "texture": "#cross"},
				"south": {"uv": [10, 14, 12, 15], "texture": "#cross"},
				"up": {"uv": [10, 14, 12, 15], "texture": "#cross"},
				"down": {"uv": [12, 14, 10, 15], "rotation": 180, "texture": "#cross"}
			}
		},
		{
			"from": [10, 2, 7.5],
			"to": [12, 3, 8.5],
			"rotation": {"angle": 45, "axis": "y", "origin": [7.25, 8.25, 8.75]},
			"faces": {
				"north": {"uv": [11, 13, 13, 14], "texture": "#cross"},
				"east": {"uv": [12, 13, 13, 14], "texture": "#cross"},
				"south": {"uv": [11, 13, 13, 14], "texture": "#cross"},
				"west": {"uv": [11, 13, 12, 14], "texture": "#cross"},
				"up": {"uv": [11, 13, 13, 14], "texture": "#cross"},
				"down": {"uv": [13, 13, 11, 14], "rotation": 180, "texture": "#cross"}
			}
		},
		{
			"from": [11, 8, 7.5],
			"to": [13, 9, 8.5],
			"rotation": {"angle": 45, "axis": "y", "origin": [7.25, 8.25, 8.75]},
			"faces": {
				"north": {"uv": [12, 7, 14, 8], "texture": "#cross"},
				"east": {"uv": [13, 7, 14, 8], "texture": "#cross"},
				"south": {"uv": [12, 7, 14, 8], "texture": "#cross"},
				"up": {"uv": [12, 7, 14, 8], "texture": "#cross"},
				"down": {"uv": [14, 7, 12, 8], "rotation": 180, "texture": "#cross"}
			}
		},
		{
			"from": [12, 9, 7.5],
			"to": [14, 10, 8.5],
			"rotation": {"angle": 45, "axis": "y", "origin": [7.25, 8.25, 8.75]},
			"faces": {
				"north": {"uv": [13, 6, 15, 7], "texture": "#cross"},
				"east": {"uv": [14, 6, 15, 7], "texture": "#cross"},
				"south": {"uv": [13, 6, 15, 7], "texture": "#cross"},
				"west": {"uv": [13, 6, 14, 7], "texture": "#cross"},
				"up": {"uv": [13, 6, 15, 7], "texture": "#cross"},
				"down": {"uv": [15, 6, 13, 7], "rotation": 180, "texture": "#cross"}
			}
		},
		{
			"from": [7.5, 11, 12],
			"to": [8.5, 14, 13],
			"rotation": {"angle": 45, "axis": "y", "origin": [7.25, 8.25, 8.75]},
			"faces": {
				"north": {"uv": [4, 1, 5, 4], "texture": "#cross"},
				"east": {"uv": [4, 1, 5, 4], "texture": "#cross"},
				"south": {"uv": [4, 1, 5, 4], "texture": "#cross"},
				"west": {"uv": [4, 1, 5, 4], "texture": "#cross"},
				"up": {"uv": [4, 1, 5, 2], "rotation": 180, "texture": "#cross"},
				"down": {"uv": [4, 3, 5, 4], "rotation": 180, "texture": "#cross"}
			}
		},
		{
			"from": [7.5, 10, 11],
			"to": [8.5, 13, 12],
			"rotation": {"angle": 45, "axis": "y", "origin": [7.25, 8.25, 8.75]},
			"faces": {
				"north": {"uv": [5, 3, 6, 6], "texture": "#cross"},
				"east": {"uv": [5, 3, 6, 6], "texture": "#cross"},
				"south": {"uv": [5, 3, 6, 6], "texture": "#cross"},
				"west": {"uv": [5, 3, 6, 6], "texture": "#cross"},
				"up": {"uv": [5, 3, 6, 4], "rotation": 180, "texture": "#cross"},
				"down": {"uv": [5, 5, 6, 6], "rotation": 180, "texture": "#cross"}
			}
		},
		{
			"from": [7.5, 9, 10],
			"to": [8.5, 12, 11],
			"rotation": {"angle": 45, "axis": "y", "origin": [7.25, 8.25, 8.75]},
			"faces": {
				"north": {"uv": [6, 4, 7, 7], "texture": "#cross"},
				"east": {"uv": [6, 4, 7, 7], "texture": "#cross"},
				"south": {"uv": [6, 4, 7, 7], "texture": "#cross"},
				"west": {"uv": [6, 4, 7, 7], "texture": "#cross"},
				"up": {"uv": [6, 4, 7, 5], "rotation": 180, "texture": "#cross"},
				"down": {"uv": [6, 6, 7, 7], "rotation": 180, "texture": "#cross"}
			}
		},
		{
			"from": [7.5, 9, 14],
			"to": [8.5, 10, 15],
			"rotation": {"angle": 45, "axis": "y", "origin": [7.25, 8.25, 8.75]},
			"faces": {
				"east": {"uv": [2, 6, 3, 7], "texture": "#cross"},
				"south": {"uv": [2, 6, 3, 7], "texture": "#cross"},
				"west": {"uv": [2, 6, 3, 7], "texture": "#cross"},
				"up": {"uv": [2, 6, 3, 7], "rotation": 180, "texture": "#cross"},
				"down": {"uv": [2, 6, 3, 7], "rotation": 180, "texture": "#cross"}
			}
		},
		{
			"from": [7.5, 8, 12],
			"to": [8.5, 10, 14],
			"rotation": {"angle": 45, "axis": "y", "origin": [7.25, 8.25, 8.75]},
			"faces": {
				"north": {"uv": [3, 6, 4, 8], "texture": "#cross"},
				"east": {"uv": [3, 6, 5, 8], "texture": "#cross"},
				"south": {"uv": [3, 6, 4, 8], "texture": "#cross"},
				"west": {"uv": [3, 6, 5, 8], "texture": "#cross"},
				"up": {"uv": [3, 6, 5, 7], "rotation": 270, "texture": "#cross"},
				"down": {"uv": [5, 7, 3, 8], "rotation": 270, "texture": "#cross"}
			}
		},
		{
			"from": [7.5, 7, 11],
			"to": [8.5, 9, 12],
			"rotation": {"angle": 45, "axis": "y", "origin": [7.25, 8.25, 8.75]},
			"faces": {
				"north": {"uv": [5, 7, 6, 9], "texture": "#cross"},
				"east": {"uv": [5, 7, 6, 9], "texture": "#cross"},
				"south": {"uv": [5, 7, 6, 9], "texture": "#cross"},
				"west": {"uv": [5, 7, 6, 9], "texture": "#cross"},
				"up": {"uv": [5, 7, 6, 8], "rotation": 180, "texture": "#cross"},
				"down": {"uv": [5, 8, 6, 9], "rotation": 180, "texture": "#cross"}
			}
		},
		{
			"from": [7.5, 6, 10],
			"to": [8.5, 8, 11],
			"rotation": {"angle": 45, "axis": "y", "origin": [7.25, 8.25, 8.75]},
			"faces": {
				"east": {"uv": [6, 8, 7, 10], "texture": "#cross"},
				"south": {"uv": [6, 8, 7, 10], "texture": "#cross"},
				"west": {"uv": [6, 8, 7, 10], "texture": "#cross"},
				"up": {"uv": [6, 8, 7, 9], "rotation": 180, "texture": "#cross"},
				"down": {"uv": [6, 9, 7, 10], "rotation": 180, "texture": "#cross"}
			}
		},
		{
			"from": [7.5, 5, 9],
			"to": [8.5, 11, 10],
			"rotation": {"angle": 45, "axis": "y", "origin": [7.25, 8.25, 8.75]},
			"faces": {
				"north": {"uv": [7, 5, 8, 11], "texture": "#cross"},
				"east": {"uv": [7, 5, 8, 11], "texture": "#cross"},
				"south": {"uv": [7, 5, 8, 11], "texture": "#cross"},
				"west": {"uv": [7, 5, 8, 11], "texture": "#cross"},
				"up": {"uv": [7, 5, 8, 6], "rotation": 180, "texture": "#cross"},
				"down": {"uv": [7, 10, 8, 11], "rotation": 180, "texture": "#cross"}
			}
		},
		{
			"from": [7.5, 4, 12],
			"to": [8.5, 5, 13],
			"rotation": {"angle": 45, "axis": "y", "origin": [7.25, 8.25, 8.75]},
			"faces": {
				"east": {"uv": [4, 11, 5, 12], "texture": "#cross"},
				"south": {"uv": [4, 11, 5, 12], "texture": "#cross"},
				"west": {"uv": [4, 11, 5, 12], "texture": "#cross"},
				"up": {"uv": [4, 11, 5, 12], "rotation": 180, "texture": "#cross"},
				"down": {"uv": [4, 11, 5, 12], "rotation": 180, "texture": "#cross"}
			}
		},
		{
			"from": [7.5, 3, 11],
			"to": [8.5, 5, 12],
			"rotation": {"angle": 45, "axis": "y", "origin": [7.25, 8.25, 8.75]},
			"faces": {
				"north": {"uv": [5, 11, 6, 13], "texture": "#cross"},
				"east": {"uv": [5, 11, 6, 13], "texture": "#cross"},
				"south": {"uv": [5, 11, 6, 13], "texture": "#cross"},
				"west": {"uv": [5, 11, 6, 13], "texture": "#cross"},
				"up": {"uv": [5, 11, 6, 12], "rotation": 180, "texture": "#cross"},
				"down": {"uv": [5, 12, 6, 13], "rotation": 180, "texture": "#cross"}
			}
		},
		{
			"from": [7.5, 2, 10],
			"to": [8.5, 4, 11],
			"rotation": {"angle": 45, "axis": "y", "origin": [7.25, 8.25, 8.75]},
			"faces": {
				"north": {"uv": [6, 12, 7, 14], "texture": "#cross"},
				"east": {"uv": [6, 12, 7, 14], "texture": "#cross"},
				"south": {"uv": [6, 12, 7, 14], "texture": "#cross"},
				"west": {"uv": [6, 12, 7, 14], "texture": "#cross"},
				"up": {"uv": [6, 12, 7, 13], "rotation": 180, "texture": "#cross"},
				"down": {"uv": [6, 13, 7, 14], "rotation": 180, "texture": "#cross"}
			}
		},
		{
			"from": [7.5, 0, 9],
			"to": [8.5, 3, 10],
			"rotation": {"angle": 45, "axis": "y", "origin": [7.25, 8.25, 8.75]},
			"faces": {
				"east": {"uv": [7, 13, 8, 16], "texture": "#cross"},
				"south": {"uv": [7, 13, 8, 16], "texture": "#cross"},
				"west": {"uv": [7, 13, 8, 16], "texture": "#cross"},
				"up": {"uv": [7, 13, 8, 14], "rotation": 180, "texture": "#cross"},
				"down": {"uv": [7, 15, 8, 16], "rotation": 180, "texture": "#cross"}
			}
		}
	]
}