{
  "credit": "Made with Blockbench",
  "ambientocclusion": false,
  "textures": {
    "rail": "block/rail_track",
    "texture1": "block/rail_base",
    "texture": "block/detector_rail_sensor_on",
    "particle": "block/detector_rail_on"
  },
  "elements": [
    {
      "name": "Box2",
      "from": [2, 0.5, 0],
      "to": [4, 1.5, 16],
      "faces": {
        "north": { "uv": [2, 0, 4, 0.5], "rotation": 180, "texture": "#rail" },
        "east": { "uv": [4, 0, 3.5, 16], "rotation": 90, "texture": "#rail" },
        "south": { "uv": [2, 15.5, 4, 16], "texture": "#rail" },
        "west": { "uv": [2.5, 0, 2, 16], "rotation": 270, "texture": "#rail" },
        "up": { "uv": [2, 0, 4, 16], "texture": "#rail" },
        "down": { "uv": [2, 0, 4, 16], "texture": "#rail" }
      }
    },
    {
      "name": "Box2",
      "from": [12, 0.5, 0],
      "to": [14, 1.5, 16],
      "faces": {
        "north": {
          "uv": [12, 0, 14, 0.5],
          "rotation": 180,
          "texture": "#rail"
        },
        "east": { "uv": [14, 0, 13.5, 16], "rotation": 90, "texture": "#rail" },
        "south": { "uv": [12, 15.5, 14, 16], "texture": "#rail" },
        "west": {
          "uv": [12.5, 0, 12, 16],
          "rotation": 270,
          "texture": "#rail"
        },
        "up": { "uv": [12, 0, 14, 16], "texture": "#rail" },
        "down": { "uv": [12, 0, 14, 16], "texture": "#rail" }
      }
    },
    {
      "name": "Box2",
      "from": [1, 0, 1],
      "to": [15, 0.5, 3],
      "faces": {
        "north": {
          "uv": [1, 1, 15, 1.5],
          "rotation": 180,
          "texture": "#texture1"
        },
        "east": {
          "uv": [14.5, 1, 15, 3],
          "rotation": 90,
          "texture": "#texture1"
        },
        "south": { "uv": [1, 2.5, 15, 3], "texture": "#texture1" },
        "west": {
          "uv": [1, 1, 1.5, 3],
          "rotation": 270,
          "texture": "#texture1"
        },
        "up": { "uv": [1, 1, 15, 3], "texture": "#texture1" },
        "down": { "uv": [15, 1, 1, 3], "rotation": 180, "texture": "#texture1" }
      }
    },
    {
      "name": "Box2",
      "from": [1, 0, 5],
      "to": [15, 0.5, 7],
      "faces": {
        "north": {
          "uv": [1, 5, 15, 5.5],
          "rotation": 180,
          "texture": "#texture1"
        },
        "east": {
          "uv": [14.5, 5, 15, 7],
          "rotation": 90,
          "texture": "#texture1"
        },
        "south": { "uv": [1, 6.5, 15, 7], "texture": "#texture1" },
        "west": {
          "uv": [1, 5, 1.5, 7],
          "rotation": 270,
          "texture": "#texture1"
        },
        "up": { "uv": [1, 5, 15, 7], "texture": "#texture1" },
        "down": { "uv": [15, 5, 1, 7], "rotation": 180, "texture": "#texture1" }
      }
    },
    {
      "name": "Box2",
      "from": [1, 0, 9],
      "to": [15, 0.5, 11],
      "faces": {
        "north": {
          "uv": [1, 9, 15, 9.5],
          "rotation": 180,
          "texture": "#texture1"
        },
        "east": {
          "uv": [14.5, 9, 15, 11],
          "rotation": 90,
          "texture": "#texture1"
        },
        "south": { "uv": [1, 10.5, 15, 11], "texture": "#texture1" },
        "west": {
          "uv": [1, 9, 1.5, 11],
          "rotation": 270,
          "texture": "#texture1"
        },
        "up": { "uv": [1, 9, 15, 11], "texture": "#texture1" },
        "down": {
          "uv": [15, 9, 1, 11],
          "rotation": 180,
          "texture": "#texture1"
        }
      }
    },
    {
      "name": "Box2",
      "from": [1, 0, 13],
      "to": [15, 0.5, 15],
      "faces": {
        "north": {
          "uv": [1, 13, 15, 13.5],
          "rotation": 180,
          "texture": "#texture1"
        },
        "east": {
          "uv": [14.5, 13, 15, 15],
          "rotation": 90,
          "texture": "#texture1"
        },
        "south": { "uv": [1, 14.5, 15, 15], "texture": "#texture1" },
        "west": {
          "uv": [1, 13, 1.5, 15],
          "rotation": 270,
          "texture": "#texture1"
        },
        "up": { "uv": [1, 13, 15, 15], "texture": "#texture1" },
        "down": {
          "uv": [15, 13, 1, 15],
          "rotation": 180,
          "texture": "#texture1"
        }
      }
    },
    {
      "name": "Box2",
      "from": [5, 0.5, 5],
      "to": [11, 1, 11],
      "faces": {
        "north": { "uv": [11, 5, 5, 5.5], "texture": "#texture" },
        "east": {
          "uv": [10.5, 5, 11, 11],
          "rotation": 90,
          "texture": "#texture"
        },
        "south": { "uv": [5, 10.5, 11, 11], "texture": "#texture" },
        "west": {
          "uv": [5, 5, 5.5, 11],
          "rotation": 270,
          "texture": "#texture"
        },
        "up": { "uv": [5, 5, 11, 11], "texture": "#texture" },
        "down": { "uv": [5, 11, 11, 5], "texture": "#texture" }
      }
    }
  ]
}
