{
	"credit": "Made with Blockbench",
	"parent": "block/block",
	"textures": {
		"particle": "block/end_rod",
		"end_rod": "block/end_rod"
	},
	"elements": [
		{
			"from": [6, 0, 6],
			"to": [10, 1, 10],
			"faces": {
				"north": {"uv": [9, 7, 13, 8], "texture": "#end_rod"},
				"east": {"uv": [14, 9, 15, 13], "texture": "#end_rod"},
				"south": {"uv": [9, 14, 13, 15], "texture": "#end_rod"},
				"west": {"uv": [7, 9, 8, 13], "texture": "#end_rod"},
				"up": {"uv": [9, 9, 13, 13], "texture": "#end_rod"},
				"down": {"uv": [13, 13, 9, 9], "texture": "#end_rod", "cullface": "down"}
			}
		},
		{
			"from": [7, 1, 7],
			"to": [9, 16, 9],
			"faces": {
				"north": {"uv": [0, 0, 2, 15], "texture": "#end_rod"},
				"east": {"uv": [0, 0, 2, 15], "texture": "#end_rod"},
				"south": {"uv": [0, 0, 2, 15], "texture": "#end_rod"},
				"west": {"uv": [0, 0, 2, 15], "texture": "#end_rod"},
				"up": {"uv": [11, 3, 13, 5], "texture": "#end_rod", "cullface": "up"}
			}
		}
	],
	"display": {
		"thirdperson_righthand": {
			"scale": [0.375, 0.375, 0.375]
		},
		"head": {
			"rotation": [-60, 0, 0],
			"translation": [0, 5, -9]
		}
	}
}