{
	"credit": "Made with Blockbench by Valdr687",
	"textures": {
		"0": "block/dirt",
		"1": "block/farmland_moist",
		"particle": "block/dirt"
	},
	"elements": [
		{
			"from": [0, 0, 0],
			"to": [16, 15, 16],
			"faces": {
				"north": {"uv": [0, 1, 16, 16], "texture": "#0", "cullface": "north"},
				"east": {"uv": [0, 1, 16, 16], "texture": "#0", "cullface": "east"},
				"south": {"uv": [0, 1, 16, 16], "texture": "#0", "cullface": "south"},
				"west": {"uv": [0, 1, 16, 16], "texture": "#0", "cullface": "west"},
				"down": {"uv": [0, 0, 16, 16], "texture": "#0", "cullface": "down"}
			}
		},
		{
			"from": [3, 15, 0],
			"to": [4, 15.275, 4],
			"faces": {
				"north": {"uv": [11, 0, 12, 1], "texture": "#0"},
				"up": {"uv": [3, 0, 4, 1], "texture": "#1"}
			}
		},
		{
			"from": [4, 15, 4],
			"to": [5, 15.275, 8],
			"faces": {
				"up": {"uv": [3, 0, 4, 1], "texture": "#1"}
			}
		},
		{
			"from": [4, 15, 10],
			"to": [5, 15.275, 11],
			"faces": {
				"up": {"uv": [3, 0, 4, 1], "texture": "#1"}
			}
		},
		{
			"from": [12, 15, 4],
			"to": [13, 15.275, 5],
			"faces": {
				"up": {"uv": [3, 0, 4, 1], "texture": "#1"}
			}
		},
		{
			"from": [11, 15, 0],
			"to": [12, 15.275, 1],
			"faces": {
				"north": {"uv": [4, 0, 5, 1], "texture": "#0"},
				"up": {"uv": [3, 0, 4, 1], "texture": "#1"}
			}
		},
		{
			"from": [2, 15, 5],
			"to": [3, 15.275, 6],
			"faces": {
				"up": {"uv": [3, 0, 4, 1], "texture": "#1"}
			}
		},
		{
			"from": [3, 15, 8],
			"to": [4, 15.275, 10],
			"faces": {
				"up": {"uv": [3, 0, 4, 1], "texture": "#1"}
			}
		},
		{
			"from": [3, 15, 12],
			"to": [4, 15.275, 14],
			"faces": {
				"up": {"uv": [3, 0, 4, 1], "texture": "#1"}
			}
		},
		{
			"from": [12, 15, 1],
			"to": [13, 15.275, 3],
			"faces": {
				"up": {"uv": [3, 0, 4, 1], "texture": "#1"}
			}
		},
		{
			"from": [4, 15, 14],
			"to": [5, 15.275, 15],
			"faces": {
				"up": {"uv": [3, 0, 4, 1], "texture": "#1"}
			}
		},
		{
			"from": [12, 15, 10],
			"to": [13, 15.275, 13],
			"faces": {
				"up": {"uv": [3, 0, 4, 1], "texture": "#1"}
			}
		},
		{
			"from": [11, 15, 13],
			"to": [12, 15.275, 16],
			"faces": {
				"south": {"uv": [12, 0, 13, 1], "texture": "#0"},
				"up": {"uv": [3, 0, 4, 1], "texture": "#1"}
			}
		},
		{
			"from": [11, 15, 5],
			"to": [12, 15.275, 10],
			"faces": {
				"up": {"uv": [3, 0, 4, 1], "texture": "#1"}
			}
		},
		{
			"from": [13, 15, 15],
			"to": [16, 15.975, 16],
			"faces": {
				"north": {"uv": [14, 15, 15, 16], "texture": "#1"},
				"east": {"uv": [0, 0, 1, 1], "texture": "#0"},
				"south": {"uv": [13, 0, 15, 1], "texture": "#0"},
				"west": {"uv": [14, 15, 15, 16], "texture": "#1"},
				"up": {"uv": [13, 15, 15, 16], "texture": "#1"}
			}
		},
		{
			"from": [8, 15, 14],
			"to": [10, 15.975, 15],
			"faces": {
				"north": {"uv": [14, 15, 15, 16], "texture": "#1"},
				"east": {"uv": [14, 15, 15, 16], "texture": "#1"},
				"south": {"uv": [14, 15, 15, 16], "texture": "#1"},
				"west": {"uv": [14, 15, 15, 16], "texture": "#1"},
				"up": {"uv": [13, 15, 15, 16], "texture": "#1"}
			}
		},
		{
			"from": [7, 15, 9],
			"to": [9, 15.975, 10],
			"faces": {
				"north": {"uv": [14, 15, 15, 16], "texture": "#1"},
				"east": {"uv": [14, 15, 15, 16], "texture": "#1"},
				"south": {"uv": [14, 15, 15, 16], "texture": "#1"},
				"west": {"uv": [14, 15, 15, 16], "texture": "#1"},
				"up": {"uv": [13, 15, 15, 16], "texture": "#1"}
			}
		},
		{
			"from": [7, 15, 3],
			"to": [9, 15.975, 4],
			"faces": {
				"north": {"uv": [14, 15, 15, 16], "texture": "#1"},
				"east": {"uv": [14, 15, 15, 16], "texture": "#1"},
				"south": {"uv": [14, 15, 15, 16], "texture": "#1"},
				"west": {"uv": [14, 15, 15, 16], "texture": "#1"},
				"up": {"uv": [13, 15, 15, 16], "texture": "#1"}
			}
		},
		{
			"from": [8, 15, 2],
			"to": [10, 15.975, 3],
			"faces": {
				"north": {"uv": [14, 15, 15, 16], "texture": "#1"},
				"east": {"uv": [14, 15, 15, 16], "texture": "#1"},
				"south": {"uv": [14, 15, 15, 16], "texture": "#1"},
				"west": {"uv": [14, 15, 15, 16], "texture": "#1"},
				"up": {"uv": [13, 15, 15, 16], "texture": "#1"}
			}
		},
		{
			"from": [6, 15, 11],
			"to": [9, 15.975, 13],
			"faces": {
				"north": {"uv": [14, 15, 15, 16], "texture": "#1"},
				"east": {"uv": [14, 15, 15, 16], "texture": "#1"},
				"south": {"uv": [14, 15, 15, 16], "texture": "#1"},
				"west": {"uv": [14, 15, 15, 16], "texture": "#1"},
				"up": {"uv": [13, 15, 15, 16], "texture": "#1"}
			}
		},
		{
			"from": [14, 15, 14],
			"to": [15, 15.975, 15],
			"faces": {
				"north": {"uv": [14, 15, 15, 16], "texture": "#1"},
				"east": {"uv": [14, 15, 15, 16], "texture": "#1"},
				"west": {"uv": [14, 15, 15, 16], "texture": "#1"},
				"up": {"uv": [13, 15, 15, 16], "texture": "#1"}
			}
		},
		{
			"from": [8, 15, 15],
			"to": [9, 15.975, 16],
			"faces": {
				"east": {"uv": [14, 15, 15, 16], "texture": "#1"},
				"south": {"uv": [9, 0, 10, 1], "texture": "#0"},
				"west": {"uv": [14, 15, 15, 16], "texture": "#1"},
				"up": {"uv": [13, 15, 15, 16], "texture": "#1"}
			}
		},
		{
			"from": [7, 15, 13],
			"to": [8, 15.975, 14],
			"faces": {
				"east": {"uv": [14, 15, 15, 16], "texture": "#1"},
				"south": {"uv": [14, 15, 15, 16], "texture": "#1"},
				"west": {"uv": [14, 15, 15, 16], "texture": "#1"},
				"up": {"uv": [13, 15, 15, 16], "texture": "#1"}
			}
		},
		{
			"from": [9, 15, 13],
			"to": [10, 15.975, 14],
			"faces": {
				"north": {"uv": [14, 15, 15, 16], "texture": "#1"},
				"east": {"uv": [14, 15, 15, 16], "texture": "#1"},
				"west": {"uv": [14, 15, 15, 16], "texture": "#1"},
				"up": {"uv": [13, 15, 15, 16], "texture": "#1"}
			}
		},
		{
			"from": [9, 15, 11],
			"to": [10, 15.975, 12],
			"faces": {
				"north": {"uv": [14, 15, 15, 16], "texture": "#1"},
				"east": {"uv": [14, 15, 15, 16], "texture": "#1"},
				"south": {"uv": [14, 15, 15, 16], "texture": "#1"},
				"up": {"uv": [13, 15, 15, 16], "texture": "#1"}
			}
		},
		{
			"from": [8, 15, 8],
			"to": [9, 15.975, 9],
			"faces": {
				"north": {"uv": [14, 15, 15, 16], "texture": "#1"},
				"east": {"uv": [14, 15, 15, 16], "texture": "#1"},
				"west": {"uv": [14, 15, 15, 16], "texture": "#1"},
				"up": {"uv": [13, 15, 15, 16], "texture": "#1"}
			}
		},
		{
			"from": [7, 15, 7],
			"to": [8, 15.975, 8],
			"faces": {
				"north": {"uv": [14, 15, 15, 16], "texture": "#1"},
				"east": {"uv": [14, 15, 15, 16], "texture": "#1"},
				"south": {"uv": [14, 15, 15, 16], "texture": "#1"},
				"west": {"uv": [14, 15, 15, 16], "texture": "#1"},
				"up": {"uv": [13, 15, 15, 16], "texture": "#1"}
			}
		},
		{
			"from": [7, 15, 1],
			"to": [8, 15.975, 2],
			"faces": {
				"north": {"uv": [14, 15, 15, 16], "texture": "#1"},
				"east": {"uv": [14, 15, 15, 16], "texture": "#1"},
				"south": {"uv": [14, 15, 15, 16], "texture": "#1"},
				"west": {"uv": [14, 15, 15, 16], "texture": "#1"},
				"up": {"uv": [13, 15, 15, 16], "texture": "#1"}
			}
		},
		{
			"from": [8, 15, 4],
			"to": [9, 15.975, 5],
			"faces": {
				"south": {"uv": [14, 15, 15, 16], "texture": "#1"},
				"west": {"uv": [14, 15, 15, 16], "texture": "#1"},
				"up": {"uv": [13, 15, 15, 16], "texture": "#1"}
			}
		},
		{
			"from": [8, 15, 10],
			"to": [9, 15.975, 11],
			"faces": {
				"east": {"uv": [14, 15, 15, 16], "texture": "#1"},
				"west": {"uv": [14, 15, 15, 16], "texture": "#1"},
				"up": {"uv": [13, 15, 15, 16], "texture": "#1"}
			}
		},
		{
			"from": [6, 15, 10],
			"to": [7, 15.975, 11],
			"faces": {
				"north": {"uv": [14, 15, 15, 16], "texture": "#1"},
				"east": {"uv": [14, 15, 15, 16], "texture": "#1"},
				"west": {"uv": [14, 15, 15, 16], "texture": "#1"},
				"up": {"uv": [13, 15, 15, 16], "texture": "#1"}
			}
		},
		{
			"from": [6, 15, 14],
			"to": [7, 15.975, 15],
			"faces": {
				"north": {"uv": [14, 15, 15, 16], "texture": "#1"},
				"east": {"uv": [14, 15, 15, 16], "texture": "#1"},
				"south": {"uv": [14, 15, 15, 16], "texture": "#1"},
				"west": {"uv": [14, 15, 15, 16], "texture": "#1"},
				"up": {"uv": [13, 15, 15, 16], "texture": "#1"}
			}
		},
		{
			"from": [0, 15, 10],
			"to": [1, 15.975, 11],
			"faces": {
				"north": {"uv": [14, 15, 15, 16], "texture": "#1"},
				"east": {"uv": [14, 15, 15, 16], "texture": "#1"},
				"south": {"uv": [14, 15, 15, 16], "texture": "#1"},
				"west": {"uv": [10, 0, 11, 1], "texture": "#0"},
				"up": {"uv": [14, 15, 15, 16], "texture": "#1"}
			}
		},
		{
			"from": [0, 15, 1],
			"to": [1, 15.975, 2],
			"faces": {
				"north": {"uv": [14, 15, 15, 16], "texture": "#1"},
				"east": {"uv": [14, 15, 15, 16], "texture": "#1"},
				"south": {"uv": [14, 15, 15, 16], "texture": "#1"},
				"west": {"uv": [1, 0, 2, 1], "texture": "#0"},
				"up": {"uv": [14, 15, 15, 16], "texture": "#1"}
			}
		},
		{
			"from": [1, 15, 6],
			"to": [2, 15.975, 7],
			"faces": {
				"north": {"uv": [14, 15, 15, 16], "texture": "#1"},
				"east": {"uv": [14, 15, 15, 16], "texture": "#1"},
				"south": {"uv": [14, 15, 15, 16], "texture": "#1"},
				"up": {"uv": [13, 15, 15, 16], "texture": "#1"}
			}
		},
		{
			"from": [14, 15, 0],
			"to": [15, 15.975, 1],
			"faces": {
				"north": {"uv": [1, 0, 2, 1], "texture": "#0"},
				"south": {"uv": [14, 15, 15, 16], "texture": "#1"},
				"west": {"uv": [14, 15, 15, 16], "texture": "#1"},
				"up": {"uv": [13, 15, 15, 16], "texture": "#1"}
			}
		},
		{
			"from": [14, 15, 5],
			"to": [15, 15.975, 6],
			"faces": {
				"north": {"uv": [14, 15, 15, 16], "texture": "#1"},
				"south": {"uv": [14, 15, 15, 16], "texture": "#1"},
				"west": {"uv": [14, 15, 15, 16], "texture": "#1"},
				"up": {"uv": [13, 15, 15, 16], "texture": "#1"}
			}
		},
		{
			"from": [14, 15, 2],
			"to": [15, 15.975, 4],
			"faces": {
				"north": {"uv": [14, 15, 15, 16], "texture": "#1"},
				"east": {"uv": [14, 15, 15, 16], "texture": "#1"},
				"south": {"uv": [14, 15, 15, 16], "texture": "#1"},
				"west": {"uv": [14, 15, 15, 16], "texture": "#1"},
				"up": {"uv": [13, 15, 15, 16], "texture": "#1"}
			}
		},
		{
			"from": [0, 15, 12],
			"to": [1, 15.975, 14],
			"faces": {
				"north": {"uv": [14, 15, 15, 16], "texture": "#1"},
				"east": {"uv": [14, 15, 15, 16], "texture": "#1"},
				"south": {"uv": [14, 15, 15, 16], "texture": "#1"},
				"west": {"uv": [12, 0, 14, 1], "texture": "#0"},
				"up": {"uv": [14, 15, 15, 16], "texture": "#1"}
			}
		},
		{
			"from": [1, 15, 8],
			"to": [2, 15.975, 10],
			"faces": {
				"north": {"uv": [14, 15, 15, 16], "texture": "#1"},
				"east": {"uv": [14, 15, 15, 16], "texture": "#1"},
				"south": {"uv": [14, 15, 15, 16], "texture": "#1"},
				"west": {"uv": [14, 15, 15, 16], "texture": "#1"},
				"up": {"uv": [13, 15, 15, 16], "texture": "#1"}
			}
		},
		{
			"from": [9, 15, 4],
			"to": [10, 15.975, 6],
			"faces": {
				"north": {"uv": [14, 15, 15, 16], "texture": "#1"},
				"east": {"uv": [14, 15, 15, 16], "texture": "#1"},
				"south": {"uv": [14, 15, 15, 16], "texture": "#1"},
				"west": {"uv": [14, 15, 15, 16], "texture": "#1"},
				"up": {"uv": [13, 15, 15, 16], "texture": "#1"}
			}
		},
		{
			"from": [0, 15, 3],
			"to": [1, 15.975, 5],
			"faces": {
				"north": {"uv": [14, 15, 15, 16], "texture": "#1"},
				"east": {"uv": [14, 15, 15, 16], "texture": "#1"},
				"south": {"uv": [14, 15, 15, 16], "texture": "#1"},
				"west": {"uv": [3, 0, 4, 1], "texture": "#0"},
				"up": {"uv": [14, 15, 15, 16], "texture": "#1"}
			}
		},
		{
			"from": [1, 15, 2],
			"to": [2, 15.975, 4],
			"faces": {
				"north": {"uv": [14, 15, 15, 16], "texture": "#1"},
				"east": {"uv": [14, 15, 15, 16], "texture": "#1"},
				"south": {"uv": [14, 15, 15, 16], "texture": "#1"},
				"west": {"uv": [14, 15, 15, 16], "texture": "#1"},
				"up": {"uv": [13, 15, 15, 16], "texture": "#1"}
			}
		},
		{
			"from": [15, 15, 0],
			"to": [16, 15.975, 2],
			"faces": {
				"north": {"uv": [0, 0, 1, 1], "texture": "#0"},
				"east": {"uv": [14, 0, 16, 1], "texture": "#0"},
				"south": {"uv": [14, 15, 15, 16], "texture": "#1"},
				"west": {"uv": [14, 15, 15, 16], "texture": "#1"},
				"up": {"uv": [13, 15, 15, 16], "texture": "#1"}
			}
		},
		{
			"from": [15, 15, 8],
			"to": [16, 15.975, 12],
			"faces": {
				"north": {"uv": [14, 15, 15, 16], "texture": "#1"},
				"east": {"uv": [4, 0, 8, 1], "texture": "#0"},
				"south": {"uv": [14, 15, 15, 16], "texture": "#1"},
				"west": {"uv": [14, 15, 15, 16], "texture": "#1"},
				"up": {"uv": [13, 15, 15, 16], "texture": "#1"}
			}
		},
		{
			"from": [15, 15, 3],
			"to": [16, 15.975, 7],
			"faces": {
				"north": {"uv": [14, 15, 15, 16], "texture": "#1"},
				"east": {"uv": [9, 0, 13, 1], "texture": "#0"},
				"south": {"uv": [14, 15, 15, 16], "texture": "#1"},
				"west": {"uv": [14, 15, 15, 16], "texture": "#1"},
				"up": {"uv": [13, 15, 15, 16], "texture": "#1"}
			}
		},
		{
			"from": [14, 15, 7],
			"to": [15, 15.975, 10],
			"faces": {
				"north": {"uv": [14, 15, 15, 16], "texture": "#1"},
				"east": {"uv": [14, 15, 15, 16], "texture": "#1"},
				"south": {"uv": [14, 15, 15, 16], "texture": "#1"},
				"west": {"uv": [14, 15, 15, 16], "texture": "#1"},
				"up": {"uv": [13, 15, 15, 16], "texture": "#1"}
			}
		},
		{
			"from": [1, 15, 13],
			"to": [2, 15.975, 16],
			"faces": {
				"north": {"uv": [14, 15, 15, 16], "texture": "#1"},
				"east": {"uv": [14, 15, 15, 16], "texture": "#1"},
				"south": {"uv": [1, 0, 3, 1], "texture": "#0"},
				"west": {"uv": [14, 15, 15, 16], "texture": "#1"},
				"up": {"uv": [13, 15, 15, 16], "texture": "#1"}
			}
		},
		{
			"from": [0, 15, 6],
			"to": [1, 15.975, 9],
			"faces": {
				"north": {"uv": [14, 15, 15, 16], "texture": "#1"},
				"east": {"uv": [14, 15, 15, 16], "texture": "#1"},
				"south": {"uv": [14, 15, 15, 16], "texture": "#1"},
				"west": {"uv": [6, 0, 9, 1], "texture": "#0"},
				"up": {"uv": [14, 15, 15, 16], "texture": "#1"}
			}
		},
		{
			"from": [3, 15, 4],
			"to": [4, 15.725, 5],
			"faces": {
				"north": {"uv": [3, 4, 4, 5], "texture": "#1"},
				"east": {"uv": [3, 4, 4, 5], "texture": "#1"},
				"south": {"uv": [3, 4, 4, 5], "texture": "#1"},
				"west": {"uv": [3, 4, 4, 5], "texture": "#1"},
				"up": {"uv": [3, 4, 4, 5], "texture": "#1"}
			}
		},
		{
			"from": [8, 15, 6],
			"to": [9, 15.725, 7],
			"faces": {
				"north": {"uv": [3, 4, 4, 5], "texture": "#1"},
				"east": {"uv": [3, 4, 4, 5], "texture": "#1"},
				"south": {"uv": [3, 4, 4, 5], "texture": "#1"},
				"west": {"uv": [3, 4, 4, 5], "texture": "#1"},
				"up": {"uv": [3, 4, 4, 5], "texture": "#1"}
			}
		},
		{
			"from": [13, 15, 12],
			"to": [14, 15.725, 13],
			"faces": {
				"north": {"uv": [3, 4, 4, 5], "texture": "#1"},
				"east": {"uv": [3, 4, 4, 5], "texture": "#1"},
				"south": {"uv": [3, 4, 4, 5], "texture": "#1"},
				"west": {"uv": [3, 4, 4, 5], "texture": "#1"},
				"up": {"uv": [3, 4, 4, 5], "texture": "#1"}
			}
		},
		{
			"from": [2, 15, 11],
			"to": [3, 15.725, 12],
			"faces": {
				"north": {"uv": [3, 4, 4, 5], "texture": "#1"},
				"east": {"uv": [3, 4, 4, 5], "texture": "#1"},
				"south": {"uv": [3, 4, 4, 5], "texture": "#1"},
				"west": {"uv": [3, 4, 4, 5], "texture": "#1"},
				"up": {"uv": [3, 4, 4, 5], "texture": "#1"}
			}
		},
		{
			"from": [0, 15, 0],
			"to": [2, 15.675, 1],
			"faces": {
				"north": {"uv": [14, 0, 16, 1], "texture": "#0"},
				"east": {"uv": [0, 0, 1, 1], "texture": "#1"},
				"west": {"uv": [0, 0, 1, 1], "texture": "#0"},
				"up": {"uv": [0, 0, 1, 1], "texture": "#1"}
			}
		},
		{
			"from": [1, 15, 1],
			"to": [3, 15.675, 2],
			"faces": {
				"north": {"uv": [0, 0, 1, 1], "texture": "#1"},
				"east": {"uv": [0, 0, 1, 1], "texture": "#1"},
				"up": {"uv": [0, 0, 1, 1], "texture": "#1"}
			}
		},
		{
			"from": [0, 15, 5],
			"to": [2, 15.675, 6],
			"faces": {
				"east": {"uv": [0, 0, 1, 1], "texture": "#1"},
				"west": {"uv": [5, 0, 6, 1], "texture": "#0"},
				"up": {"uv": [0, 0, 1, 1], "texture": "#1"}
			}
		},
		{
			"from": [0, 15, 2],
			"to": [1, 15.675, 3],
			"faces": {
				"west": {"uv": [2, 0, 3, 1], "texture": "#0"},
				"up": {"uv": [0, 0, 1, 1], "texture": "#1"}
			}
		},
		{
			"from": [2, 15, 2],
			"to": [3, 15.675, 3],
			"faces": {
				"east": {"uv": [0, 0, 1, 1], "texture": "#1"},
				"south": {"uv": [0, 0, 1, 1], "texture": "#1"},
				"up": {"uv": [0, 0, 1, 1], "texture": "#1"}
			}
		},
		{
			"from": [3, 15, 6],
			"to": [4, 15.675, 7],
			"faces": {
				"north": {"uv": [0, 0, 1, 1], "texture": "#1"},
				"east": {"uv": [0, 0, 1, 1], "texture": "#1"},
				"south": {"uv": [0, 0, 1, 1], "texture": "#1"},
				"west": {"uv": [0, 0, 1, 1], "texture": "#1"},
				"up": {"uv": [0, 0, 1, 1], "texture": "#1"}
			}
		},
		{
			"from": [4, 15, 1],
			"to": [5, 15.675, 2],
			"faces": {
				"north": {"uv": [0, 0, 1, 1], "texture": "#1"},
				"east": {"uv": [0, 0, 1, 1], "texture": "#1"},
				"south": {"uv": [0, 0, 1, 1], "texture": "#1"},
				"west": {"uv": [0, 0, 1, 1], "texture": "#1"},
				"up": {"uv": [0, 0, 1, 1], "texture": "#1"}
			}
		},
		{
			"from": [5, 15, 2],
			"to": [6, 15.675, 3],
			"faces": {
				"north": {"uv": [0, 0, 1, 1], "texture": "#1"},
				"south": {"uv": [0, 0, 1, 1], "texture": "#1"},
				"west": {"uv": [0, 0, 1, 1], "texture": "#1"},
				"up": {"uv": [0, 0, 1, 1], "texture": "#1"}
			}
		},
		{
			"from": [7, 15, 6],
			"to": [8, 15.675, 7],
			"faces": {
				"west": {"uv": [0, 0, 1, 1], "texture": "#1"},
				"up": {"uv": [0, 0, 1, 1], "texture": "#1"}
			}
		},
		{
			"from": [9, 15, 6],
			"to": [10, 15.675, 7],
			"faces": {
				"east": {"uv": [0, 0, 1, 1], "texture": "#1"},
				"south": {"uv": [0, 0, 1, 1], "texture": "#1"},
				"up": {"uv": [0, 0, 1, 1], "texture": "#1"}
			}
		},
		{
			"from": [10, 15, 7],
			"to": [11, 15.675, 8],
			"faces": {
				"north": {"uv": [0, 0, 1, 1], "texture": "#1"},
				"east": {"uv": [0, 0, 1, 1], "texture": "#1"},
				"south": {"uv": [0, 0, 1, 1], "texture": "#1"},
				"west": {"uv": [0, 0, 1, 1], "texture": "#1"},
				"up": {"uv": [0, 0, 1, 1], "texture": "#1"}
			}
		},
		{
			"from": [8, 15, 7],
			"to": [9, 15.675, 8],
			"faces": {
				"east": {"uv": [0, 0, 1, 1], "texture": "#1"},
				"up": {"uv": [0, 0, 1, 1], "texture": "#1"}
			}
		},
		{
			"from": [14, 15, 6],
			"to": [15, 15.675, 7],
			"faces": {
				"west": {"uv": [0, 0, 1, 1], "texture": "#1"},
				"up": {"uv": [0, 0, 1, 1], "texture": "#1"}
			}
		},
		{
			"from": [14, 15, 4],
			"to": [15, 15.675, 5],
			"faces": {
				"west": {"uv": [0, 0, 1, 1], "texture": "#1"},
				"up": {"uv": [0, 0, 1, 1], "texture": "#1"}
			}
		},
		{
			"from": [14, 15, 1],
			"to": [15, 15.675, 2],
			"faces": {
				"up": {"uv": [0, 0, 1, 1], "texture": "#1"}
			}
		},
		{
			"from": [15, 15, 2],
			"to": [16, 15.675, 3],
			"faces": {
				"east": {"uv": [13, 0, 14, 1], "texture": "#0"},
				"up": {"uv": [0, 0, 1, 1], "texture": "#1"}
			}
		},
		{
			"from": [12, 15, 6],
			"to": [13, 15.675, 7],
			"faces": {
				"north": {"uv": [0, 0, 1, 1], "texture": "#1"},
				"east": {"uv": [0, 0, 1, 1], "texture": "#1"},
				"south": {"uv": [0, 0, 1, 1], "texture": "#1"},
				"west": {"uv": [0, 0, 1, 1], "texture": "#1"},
				"up": {"uv": [0, 0, 1, 1], "texture": "#1"}
			}
		},
		{
			"from": [7, 15, 4],
			"to": [8, 15.675, 5],
			"faces": {
				"west": {"uv": [0, 0, 1, 1], "texture": "#1"},
				"up": {"uv": [0, 0, 1, 1], "texture": "#1"}
			}
		},
		{
			"from": [7, 15, 2],
			"to": [8, 15.675, 3],
			"faces": {
				"up": {"uv": [0, 0, 1, 1], "texture": "#1"}
			}
		},
		{
			"from": [9, 15, 3],
			"to": [10, 15.675, 4],
			"faces": {
				"up": {"uv": [0, 0, 1, 1], "texture": "#1"}
			}
		},
		{
			"from": [7, 15, 0],
			"to": [10, 15.675, 1],
			"faces": {
				"north": {"uv": [6, 0, 9, 1], "texture": "#0"},
				"east": {"uv": [0, 0, 1, 1], "texture": "#1"},
				"up": {"uv": [0, 0, 1, 1], "texture": "#1"}
			}
		},
		{
			"from": [8, 15, 1],
			"to": [10, 15.675, 2],
			"faces": {
				"up": {"uv": [0, 0, 1, 1], "texture": "#1"}
			}
		},
		{
			"from": [10, 15, 1],
			"to": [11, 15.675, 5],
			"faces": {
				"north": {"uv": [0, 0, 1, 1], "texture": "#1"},
				"east": {"uv": [0, 0, 1, 1], "texture": "#1"},
				"south": {"uv": [0, 0, 1, 1], "texture": "#1"},
				"up": {"uv": [0, 0, 1, 1], "texture": "#1"}
			}
		},
		{
			"from": [6, 15, 5],
			"to": [9, 15.675, 6],
			"faces": {
				"north": {"uv": [0, 0, 1, 1], "texture": "#1"},
				"south": {"uv": [0, 0, 1, 1], "texture": "#1"},
				"west": {"uv": [0, 0, 1, 1], "texture": "#1"},
				"up": {"uv": [0, 0, 1, 1], "texture": "#1"}
			}
		},
		{
			"from": [4, 15, 11],
			"to": [5, 15.675, 12],
			"faces": {
				"north": {"uv": [0, 0, 1, 1], "texture": "#1"},
				"east": {"uv": [0, 0, 1, 1], "texture": "#1"},
				"south": {"uv": [0, 0, 1, 1], "texture": "#1"},
				"west": {"uv": [0, 0, 1, 1], "texture": "#1"},
				"up": {"uv": [0, 0, 1, 1], "texture": "#1"}
			}
		},
		{
			"from": [6, 15, 13],
			"to": [7, 15.675, 14],
			"faces": {
				"up": {"uv": [0, 0, 1, 1], "texture": "#1"}
			}
		},
		{
			"from": [8, 15, 13],
			"to": [9, 15.675, 14],
			"faces": {
				"up": {"uv": [0, 0, 1, 1], "texture": "#1"}
			}
		},
		{
			"from": [7, 15, 10],
			"to": [8, 15.675, 11],
			"faces": {
				"up": {"uv": [0, 0, 1, 1], "texture": "#1"}
			}
		},
		{
			"from": [7, 15, 8],
			"to": [8, 15.675, 9],
			"faces": {
				"up": {"uv": [0, 0, 1, 1], "texture": "#1"}
			}
		},
		{
			"from": [9, 15, 12],
			"to": [10, 15.675, 13],
			"faces": {
				"up": {"uv": [0, 0, 1, 1], "texture": "#1"}
			}
		},
		{
			"from": [9, 15, 9],
			"to": [10, 15.675, 11],
			"faces": {
				"north": {"uv": [0, 0, 1, 1], "texture": "#1"},
				"east": {"uv": [0, 0, 1, 1], "texture": "#1"},
				"up": {"uv": [0, 0, 1, 1], "texture": "#1"}
			}
		},
		{
			"from": [7, 15, 14],
			"to": [8, 15.675, 15],
			"faces": {
				"up": {"uv": [0, 0, 1, 1], "texture": "#1"}
			}
		},
		{
			"from": [9, 15, 15],
			"to": [10, 15.675, 16],
			"faces": {
				"east": {"uv": [0, 0, 1, 1], "texture": "#1"},
				"south": {"uv": [10, 0, 11, 1], "texture": "#0"},
				"up": {"uv": [0, 0, 1, 1], "texture": "#1"}
			}
		},
		{
			"from": [13, 15, 14],
			"to": [14, 15.675, 15],
			"faces": {
				"north": {"uv": [0, 0, 1, 1], "texture": "#1"},
				"west": {"uv": [0, 0, 1, 1], "texture": "#1"},
				"up": {"uv": [0, 0, 1, 1], "texture": "#1"}
			}
		},
		{
			"from": [6, 15, 15],
			"to": [8, 15.675, 16],
			"faces": {
				"south": {"uv": [7, 0, 9, 1], "texture": "#0"},
				"west": {"uv": [0, 0, 1, 1], "texture": "#1"},
				"up": {"uv": [0, 0, 1, 1], "texture": "#1"}
			}
		},
		{
			"from": [5, 15, 12],
			"to": [6, 15.675, 15],
			"faces": {
				"north": {"uv": [0, 0, 1, 1], "texture": "#1"},
				"south": {"uv": [0, 0, 1, 1], "texture": "#1"},
				"west": {"uv": [0, 0, 1, 1], "texture": "#1"},
				"up": {"uv": [0, 0, 1, 1], "texture": "#1"}
			}
		},
		{
			"from": [15, 15, 12],
			"to": [16, 15.675, 15],
			"faces": {
				"east": {"uv": [0, 0, 3, 1], "texture": "#0"},
				"up": {"uv": [0, 0, 1, 1], "texture": "#1"}
			}
		},
		{
			"from": [14, 15, 10],
			"to": [15, 15.675, 14],
			"faces": {
				"west": {"uv": [0, 0, 1, 1], "texture": "#1"},
				"up": {"uv": [0, 0, 1, 1], "texture": "#1"}
			}
		},
		{
			"from": [13, 15, 7],
			"to": [14, 15.675, 11],
			"faces": {
				"north": {"uv": [0, 0, 1, 1], "texture": "#1"},
				"south": {"uv": [0, 0, 1, 1], "texture": "#1"},
				"west": {"uv": [0, 0, 1, 1], "texture": "#1"},
				"up": {"uv": [0, 0, 1, 1], "texture": "#1"}
			}
		},
		{
			"from": [13, 15, 0],
			"to": [14, 15.675, 3],
			"faces": {
				"north": {"uv": [2, 0, 3, 1], "texture": "#0"},
				"south": {"uv": [0, 0, 1, 1], "texture": "#1"},
				"west": {"uv": [0, 0, 1, 1], "texture": "#1"},
				"up": {"uv": [0, 0, 1, 1], "texture": "#1"}
			}
		},
		{
			"from": [10, 15, 11],
			"to": [11, 15.675, 15],
			"faces": {
				"north": {"uv": [0, 0, 1, 1], "texture": "#1"},
				"east": {"uv": [0, 0, 1, 1], "texture": "#1"},
				"south": {"uv": [0, 0, 1, 1], "texture": "#1"},
				"up": {"uv": [0, 0, 1, 1], "texture": "#1"}
			}
		},
		{
			"from": [5, 15, 6],
			"to": [6, 15.675, 9],
			"faces": {
				"north": {"uv": [0, 0, 1, 1], "texture": "#1"},
				"east": {"uv": [0, 0, 1, 1], "texture": "#1"},
				"south": {"uv": [0, 0, 1, 1], "texture": "#1"},
				"west": {"uv": [0, 0, 1, 1], "texture": "#1"},
				"up": {"uv": [0, 0, 1, 1], "texture": "#1"}
			}
		},
		{
			"from": [6, 15, 0],
			"to": [7, 15.675, 4],
			"faces": {
				"north": {"uv": [8, 0, 9, 1], "texture": "#0"},
				"south": {"uv": [0, 0, 1, 1], "texture": "#1"},
				"west": {"uv": [0, 0, 1, 1], "texture": "#1"},
				"up": {"uv": [0, 0, 1, 1], "texture": "#1"}
			}
		},
		{
			"from": [2, 15, 7],
			"to": [3, 15.675, 10],
			"faces": {
				"north": {"uv": [0, 0, 1, 1], "texture": "#1"},
				"east": {"uv": [0, 0, 1, 1], "texture": "#1"},
				"south": {"uv": [0, 0, 1, 1], "texture": "#1"},
				"up": {"uv": [0, 0, 1, 1], "texture": "#1"}
			}
		},
		{
			"from": [1, 15, 4],
			"to": [2, 15.675, 5],
			"faces": {
				"east": {"uv": [0, 0, 1, 1], "texture": "#1"},
				"up": {"uv": [0, 0, 1, 1], "texture": "#1"}
			}
		},
		{
			"from": [1, 15, 7],
			"to": [2, 15.675, 8],
			"faces": {
				"up": {"uv": [0, 0, 1, 1], "texture": "#1"}
			}
		},
		{
			"from": [0, 15, 9],
			"to": [1, 15.675, 10],
			"faces": {
				"west": {"uv": [9, 0, 10, 1], "texture": "#0"},
				"up": {"uv": [0, 0, 1, 1], "texture": "#1"}
			}
		},
		{
			"from": [0, 15, 11],
			"to": [1, 15.675, 12],
			"faces": {
				"west": {"uv": [11, 0, 12, 1], "texture": "#0"},
				"up": {"uv": [0, 0, 1, 1], "texture": "#1"}
			}
		},
		{
			"from": [0, 15, 14],
			"to": [1, 15.675, 16],
			"faces": {
				"south": {"uv": [0, 0, 1, 1], "texture": "#0"},
				"west": {"uv": [14, 0, 16, 1], "texture": "#0"},
				"up": {"uv": [0, 0, 1, 1], "texture": "#1"}
			}
		},
		{
			"from": [1, 15, 10],
			"to": [2, 15.675, 13],
			"faces": {
				"east": {"uv": [0, 0, 1, 1], "texture": "#1"},
				"up": {"uv": [0, 0, 1, 1], "texture": "#1"}
			}
		},
		{
			"from": [2, 15, 13],
			"to": [3, 15.675, 15],
			"faces": {
				"north": {"uv": [0, 0, 1, 1], "texture": "#1"},
				"east": {"uv": [0, 0, 1, 1], "texture": "#1"},
				"south": {"uv": [0, 0, 1, 1], "texture": "#1"},
				"up": {"uv": [0, 0, 1, 1], "texture": "#1"}
			}
		},
		{
			"from": [6, 15, 7],
			"to": [7, 15.675, 10],
			"faces": {
				"north": {"uv": [0, 0, 1, 1], "texture": "#1"},
				"west": {"uv": [0, 0, 1, 1], "texture": "#1"},
				"up": {"uv": [0, 0, 1, 1], "texture": "#1"}
			}
		},
		{
			"from": [2, 15, 0],
			"to": [3, 15.475, 1],
			"faces": {
				"north": {"uv": [13, 0, 14, 1], "texture": "#0"},
				"east": {"uv": [2, 0, 3, 1], "texture": "#1"},
				"up": {"uv": [2, 0, 3, 1], "texture": "#1"}
			}
		},
		{
			"from": [2, 15, 6],
			"to": [3, 15.475, 7],
			"faces": {
				"north": {"uv": [2, 0, 3, 1], "texture": "#1"},
				"up": {"uv": [2, 0, 3, 1], "texture": "#1"}
			}
		},
		{
			"from": [3, 15, 7],
			"to": [4, 15.475, 8],
			"faces": {
				"east": {"uv": [2, 0, 3, 1], "texture": "#1"},
				"south": {"uv": [2, 0, 3, 1], "texture": "#1"},
				"up": {"uv": [2, 0, 3, 1], "texture": "#1"}
			}
		},
		{
			"from": [3, 15, 5],
			"to": [4, 15.475, 6],
			"faces": {
				"east": {"uv": [2, 0, 3, 1], "texture": "#1"},
				"west": {"uv": [2, 0, 3, 1], "texture": "#1"},
				"up": {"uv": [2, 0, 3, 1], "texture": "#1"}
			}
		},
		{
			"from": [4, 15, 0],
			"to": [6, 15.475, 1],
			"faces": {
				"north": {"uv": [10, 0, 12, 1], "texture": "#0"},
				"west": {"uv": [2, 0, 3, 1], "texture": "#1"},
				"up": {"uv": [2, 0, 3, 1], "texture": "#1"}
			}
		},
		{
			"from": [5, 15, 1],
			"to": [6, 15.475, 2],
			"faces": {
				"up": {"uv": [2, 0, 3, 1], "texture": "#1"}
			}
		},
		{
			"from": [6, 15, 4],
			"to": [7, 15.475, 5],
			"faces": {
				"up": {"uv": [2, 0, 3, 1], "texture": "#1"}
			}
		},
		{
			"from": [6, 15, 6],
			"to": [7, 15.475, 7],
			"faces": {
				"up": {"uv": [2, 0, 3, 1], "texture": "#1"}
			}
		},
		{
			"from": [9, 15, 7],
			"to": [10, 15.475, 9],
			"faces": {
				"up": {"uv": [2, 0, 3, 1], "texture": "#1"}
			}
		},
		{
			"from": [10, 15, 5],
			"to": [11, 15.475, 7],
			"faces": {
				"east": {"uv": [2, 0, 3, 1], "texture": "#1"},
				"up": {"uv": [2, 0, 3, 1], "texture": "#1"}
			}
		},
		{
			"from": [12, 15, 14],
			"to": [13, 15.475, 16],
			"faces": {
				"south": {"uv": [2, 0, 3, 1], "texture": "#0"},
				"west": {"uv": [2, 0, 3, 1], "texture": "#1"},
				"up": {"uv": [2, 0, 3, 1], "texture": "#1"}
			}
		},
		{
			"from": [11, 15, 10],
			"to": [12, 15.475, 13],
			"faces": {
				"north": {"uv": [2, 0, 3, 1], "texture": "#1"},
				"east": {"uv": [2, 0, 3, 1], "texture": "#1"},
				"south": {"uv": [2, 0, 3, 1], "texture": "#1"},
				"up": {"uv": [2, 0, 3, 1], "texture": "#1"}
			}
		},
		{
			"from": [10, 15, 8],
			"to": [11, 15.475, 11],
			"faces": {
				"east": {"uv": [2, 0, 3, 1], "texture": "#1"},
				"up": {"uv": [2, 0, 3, 1], "texture": "#1"}
			}
		},
		{
			"from": [12, 15, 7],
			"to": [13, 15.475, 10],
			"faces": {
				"south": {"uv": [2, 0, 3, 1], "texture": "#1"},
				"west": {"uv": [2, 0, 3, 1], "texture": "#1"},
				"up": {"uv": [2, 0, 3, 1], "texture": "#1"}
			}
		},
		{
			"from": [11, 15, 1],
			"to": [12, 15.475, 5],
			"faces": {
				"north": {"uv": [2, 0, 3, 1], "texture": "#1"},
				"east": {"uv": [2, 0, 3, 1], "texture": "#1"},
				"south": {"uv": [2, 0, 3, 1], "texture": "#1"},
				"up": {"uv": [2, 0, 3, 1], "texture": "#1"}
			}
		},
		{
			"from": [10, 15, 0],
			"to": [11, 15.475, 1],
			"faces": {
				"north": {"uv": [5, 0, 6, 1], "texture": "#0"},
				"east": {"uv": [2, 0, 3, 1], "texture": "#1"},
				"up": {"uv": [2, 0, 3, 1], "texture": "#1"}
			}
		},
		{
			"from": [12, 15, 0],
			"to": [13, 15.475, 1],
			"faces": {
				"north": {"uv": [3, 0, 4, 1], "texture": "#0"},
				"south": {"uv": [2, 0, 3, 1], "texture": "#1"},
				"west": {"uv": [2, 0, 3, 1], "texture": "#1"},
				"up": {"uv": [2, 0, 3, 1], "texture": "#1"}
			}
		},
		{
			"from": [13, 15, 4],
			"to": [14, 15.475, 5],
			"faces": {
				"west": {"uv": [2, 0, 3, 1], "texture": "#1"},
				"up": {"uv": [2, 0, 3, 1], "texture": "#1"}
			}
		},
		{
			"from": [15, 15, 7],
			"to": [16, 15.475, 8],
			"faces": {
				"east": {"uv": [8, 0, 9, 1], "texture": "#0"},
				"up": {"uv": [2, 0, 3, 1], "texture": "#1"}
			}
		},
		{
			"from": [13, 15, 6],
			"to": [14, 15.475, 7],
			"faces": {
				"up": {"uv": [2, 0, 3, 1], "texture": "#1"}
			}
		},
		{
			"from": [10, 15, 15],
			"to": [11, 15.475, 16],
			"faces": {
				"east": {"uv": [2, 0, 3, 1], "texture": "#1"},
				"south": {"uv": [11, 0, 12, 1], "texture": "#0"},
				"up": {"uv": [2, 0, 3, 1], "texture": "#1"}
			}
		},
		{
			"from": [13, 15, 11],
			"to": [14, 15.475, 12],
			"faces": {
				"west": {"uv": [2, 0, 3, 1], "texture": "#1"},
				"up": {"uv": [2, 0, 3, 1], "texture": "#1"}
			}
		},
		{
			"from": [12, 15, 3],
			"to": [14, 15.475, 4],
			"faces": {
				"north": {"uv": [2, 0, 3, 1], "texture": "#1"},
				"south": {"uv": [2, 0, 3, 1], "texture": "#1"},
				"up": {"uv": [2, 0, 3, 1], "texture": "#1"}
			}
		},
		{
			"from": [12, 15, 5],
			"to": [14, 15.475, 6],
			"faces": {
				"north": {"uv": [2, 0, 3, 1], "texture": "#1"},
				"west": {"uv": [2, 0, 3, 1], "texture": "#1"},
				"up": {"uv": [2, 0, 3, 1], "texture": "#1"}
			}
		},
		{
			"from": [12, 15, 13],
			"to": [14, 15.475, 14],
			"faces": {
				"north": {"uv": [2, 0, 3, 1], "texture": "#1"},
				"west": {"uv": [2, 0, 3, 1], "texture": "#1"},
				"up": {"uv": [2, 0, 3, 1], "texture": "#1"}
			}
		},
		{
			"from": [4, 15, 2],
			"to": [5, 15.475, 4],
			"faces": {
				"south": {"uv": [2, 0, 3, 1], "texture": "#1"},
				"west": {"uv": [2, 0, 3, 1], "texture": "#1"},
				"up": {"uv": [2, 0, 3, 1], "texture": "#1"}
			}
		},
		{
			"from": [5, 15, 3],
			"to": [6, 15.475, 6],
			"faces": {
				"west": {"uv": [2, 0, 3, 1], "texture": "#1"},
				"up": {"uv": [2, 0, 3, 1], "texture": "#1"}
			}
		},
		{
			"from": [2, 15, 12],
			"to": [3, 15.475, 13],
			"faces": {
				"east": {"uv": [2, 0, 3, 1], "texture": "#1"},
				"up": {"uv": [2, 0, 3, 1], "texture": "#1"}
			}
		},
		{
			"from": [2, 15, 15],
			"to": [3, 15.475, 16],
			"faces": {
				"south": {"uv": [3, 0, 4, 1], "texture": "#0"},
				"up": {"uv": [2, 0, 3, 1], "texture": "#1"}
			}
		},
		{
			"from": [4, 15, 15],
			"to": [6, 15.475, 16],
			"faces": {
				"north": {"uv": [2, 0, 3, 1], "texture": "#1"},
				"south": {"uv": [3, 0, 5, 1], "texture": "#0"},
				"up": {"uv": [2, 0, 3, 1], "texture": "#1"}
			}
		},
		{
			"from": [3, 15, 14],
			"to": [4, 15.475, 16],
			"faces": {
				"north": {"uv": [2, 0, 3, 1], "texture": "#1"},
				"east": {"uv": [2, 0, 3, 1], "texture": "#1"},
				"south": {"uv": [4, 0, 5, 1], "texture": "#0"},
				"up": {"uv": [2, 0, 3, 1], "texture": "#1"}
			}
		},
		{
			"from": [4, 15, 12],
			"to": [5, 15.475, 14],
			"faces": {
				"south": {"uv": [2, 0, 3, 1], "texture": "#1"},
				"west": {"uv": [2, 0, 3, 1], "texture": "#1"},
				"up": {"uv": [2, 0, 3, 1], "texture": "#1"}
			}
		},
		{
			"from": [3, 15, 10],
			"to": [4, 15.475, 12],
			"faces": {
				"north": {"uv": [2, 0, 3, 1], "texture": "#1"},
				"east": {"uv": [2, 0, 3, 1], "texture": "#1"},
				"south": {"uv": [2, 0, 3, 1], "texture": "#1"},
				"up": {"uv": [2, 0, 3, 1], "texture": "#1"}
			}
		},
		{
			"from": [4, 15, 8],
			"to": [5, 15.475, 10],
			"faces": {
				"north": {"uv": [2, 0, 3, 1], "texture": "#1"},
				"south": {"uv": [2, 0, 3, 1], "texture": "#1"},
				"west": {"uv": [2, 0, 3, 1], "texture": "#1"},
				"up": {"uv": [2, 0, 3, 1], "texture": "#1"}
			}
		},
		{
			"from": [5, 15, 9],
			"to": [6, 15.475, 12],
			"faces": {
				"west": {"uv": [2, 0, 3, 1], "texture": "#1"},
				"up": {"uv": [2, 0, 3, 1], "texture": "#1"}
			}
		},
		{
			"from": [2, 15, 10],
			"to": [3, 15.475, 11],
			"faces": {
				"up": {"uv": [2, 0, 3, 1], "texture": "#1"}
			}
		},
		{
			"from": [2, 15, 3],
			"to": [3, 15.475, 5],
			"faces": {
				"east": {"uv": [2, 0, 3, 1], "texture": "#1"},
				"south": {"uv": [2, 0, 3, 1], "texture": "#1"},
				"up": {"uv": [2, 0, 3, 1], "texture": "#1"}
			}
		}
	],
	"display": {
		"thirdperson_righthand": {
			"rotation": [75, 45, 0],
			"translation": [0, 2.5, 0],
			"scale": [0.375, 0.375, 0.375]
		},
		"thirdperson_lefthand": {
			"rotation": [75, 45, 0],
			"translation": [0, 2.5, 0],
			"scale": [0.375, 0.375, 0.375]
		},
		"firstperson_righthand": {
			"rotation": [0, 45, 0],
			"scale": [0.4, 0.4, 0.4]
		},
		"firstperson_lefthand": {
			"rotation": [0, 225, 0],
			"scale": [0.4, 0.4, 0.4]
		},
		"ground": {
			"translation": [0, 3, 0],
			"scale": [0.25, 0.25, 0.25]
		},
		"gui": {
			"rotation": [30, 225, 0],
			"scale": [0.625, 0.625, 0.625]
		},
		"fixed": {
			"scale": [0.5, 0.5, 0.5]
		}
	}
}