{
	"credit": "Made with Blockbench",
	"textures": {
		"0": "block/jungle_door_handle",
		"1": "block/jungle_door_top",
		"particle": "block/jungle_door_top"
	},
	"elements": [
		{
			"name": "Element",
			"from": [0, 0, 0],
			"to": [3, 16, 16],
			"faces": {
				"north": {"uv": [15.25, 0, 15.75, 16], "texture": "#1", "cullface": "north"},
				"east": {"uv": [0, 0, 16, 16], "texture": "#1"},
				"south": {"uv": [0.25, 0, 0.75, 16], "texture": "#1", "cullface": "south"},
				"west": {"uv": [16, 0, 0, 16], "texture": "#1", "cullface": "west"},
				"up": {"uv": [0, 0.25, 16, 0.75], "texture": "#1", "cullface": "up"}
			}
		},
		{
			"name": "Element",
			"from": [3, 13, 12],
			"to": [0, 8, 4],
			"faces": {
				"north": {"uv": [12.75, 8, 12.25, 3], "texture": "#1"},
				"south": {"uv": [3.75, 8, 3.25, 3], "texture": "#1"},
				"up": {"uv": [4, 8.25, 12, 8.75], "rotation": 270, "texture": "#1"},
				"down": {"uv": [4, 2.25, 12, 2.75], "rotation": 90, "texture": "#1"}
			}
		},
		{
			"name": "Element",
			"from": [3, 6, 10],
			"to": [0, 4, 6],
			"faces": {
				"north": {"uv": [10.75, 12, 10.25, 10], "texture": "#1"},
				"south": {"uv": [5.75, 12, 5.25, 10], "texture": "#1"},
				"up": {"uv": [6, 12.25, 10, 12.75], "rotation": 270, "texture": "#1"},
				"down": {"uv": [6, 9.25, 10, 9.75], "rotation": 90, "texture": "#1"}
			}
		},
		{
			"name": "Element",
			"from": [3, 0, 2],
			"to": [3.5, 1, 5],
			"faces": {
				"north": {"uv": [10, 8, 12, 12], "texture": "#0"},
				"east": {"uv": [0, 8, 12, 12], "texture": "#0"},
				"south": {"uv": [0, 8, 2, 12], "texture": "#0"},
				"up": {"uv": [0, 8, 12, 10], "rotation": 180, "texture": "#0"},
				"down": {"uv": [0, 10, 12, 12], "rotation": 180, "texture": "#0"}
			}
		},
		{
			"name": "Element",
			"from": [-0.5, 0, 2],
			"to": [0, 1, 5],
			"faces": {
				"north": {"uv": [4, 0, 6, 4], "texture": "#0", "cullface": "west"},
				"south": {"uv": [14, 0, 16, 4], "texture": "#0", "cullface": "west"},
				"west": {"uv": [4, 0, 16, 4], "texture": "#0", "cullface": "west"},
				"up": {"uv": [4, 0, 16, 2], "rotation": 90, "texture": "#0", "cullface": "west"},
				"down": {"uv": [4, 2, 16, 4], "rotation": 270, "texture": "#0", "cullface": "west"}
			}
		}
	]
}