{
	"credit": "Made with Blockbench",
	"parent": "minecraft:block/door_top_left",
	"textures": {
		"1": "block/mangrove_door_handle",
		"particle": "block/mangrove_door_top",
		"top": "block/mangrove_door_top"
	},
	"elements": [
		{
			"from": [0, 0, 0],
			"to": [3, 16, 16],
			"faces": {
				"north": {"uv": [0.75, 0, 0.25, 16], "texture": "#top", "cullface": "north"},
				"east": {"uv": [16, 0, 0, 16], "texture": "#top"},
				"south": {"uv": [15.25, 0, 15.75, 16], "texture": "#top", "cullface": "south"},
				"west": {"uv": [0, 0, 16, 16], "texture": "#top", "cullface": "west"},
				"up": {"uv": [0, 0.75, 16, 0.25], "rotation": 90, "texture": "#top", "cullface": "up"}
			}
		},
		{
			"from": [3, 0, 13],
			"to": [3.5, 3, 14],
			"faces": {
				"north": {"uv": [14.5, 2, 15.5, 8], "texture": "#1"},
				"east": {"uv": [14, 2, 16, 8], "texture": "#1"},
				"south": {"uv": [14.5, 2, 15.5, 8], "texture": "#1"},
				"up": {"uv": [14, 2.5, 16, 3.5], "texture": "#1"}
			}
		},
		{
			"from": [3, 2, 12],
			"to": [3.5, 3, 13],
			"faces": {
				"north": {"uv": [12.5, 2, 13.5, 4], "texture": "#1"},
				"east": {"uv": [12, 2, 14, 4], "texture": "#1"},
				"up": {"uv": [12, 2.5, 14, 3.5], "texture": "#1"},
				"down": {"uv": [12, 2, 14, 4], "texture": "#1"}
			}
		},
		{
			"from": [-0.5, 0, 13],
			"to": [0, 3, 14],
			"faces": {
				"north": {"uv": [14.5, 2, 15.5, 8], "texture": "#1", "cullface": "west"},
				"south": {"uv": [14.5, 2, 15.5, 8], "texture": "#1", "cullface": "west"},
				"west": {"uv": [14, 2, 16, 8], "texture": "#1", "cullface": "west"},
				"up": {"uv": [14, 2.5, 16, 3.5], "texture": "#1", "cullface": "west"}
			}
		},
		{
			"from": [-0.5, 2, 12],
			"to": [0, 3, 13],
			"faces": {
				"north": {"uv": [12.5, 2, 13.5, 4], "texture": "#1", "cullface": "west"},
				"west": {"uv": [12, 2, 14, 4], "texture": "#1", "cullface": "west"},
				"up": {"uv": [12, 2.5, 14, 3.5], "texture": "#1", "cullface": "west"},
				"down": {"uv": [12, 2.5, 14, 3.5], "texture": "#1", "cullface": "west"}
			}
		}
	]
}