{
	"credit": "Made with Blockbench",
	"parent": "minecraft:block/door_top_left_open",
	"textures": {
		"1": "block/mangrove_door_handle",
		"top": "block/mangrove_door_top",
		"particle": "block/mangrove_door_handle"
	},
	"elements": [
		{
			"from": [3, 2, 3],
			"to": [3.5, 3, 4],
			"faces": {
				"east": {"uv": [12, 2, 14, 4], "texture": "#1"},
				"south": {"uv": [12.5, 2, 13.5, 4], "texture": "#1"},
				"up": {"uv": [12, 2.5, 14, 3.5], "rotation": 180, "texture": "#1"},
				"down": {"uv": [12, 2.5, 14, 3.5], "rotation": 180, "texture": "#1"}
			}
		},
		{
			"from": [3, 0, 2],
			"to": [3.5, 3, 3],
			"faces": {
				"north": {"uv": [14.5, 2, 15.5, 8], "texture": "#1"},
				"east": {"uv": [14, 2, 16, 8], "texture": "#1"},
				"south": {"uv": [14.5, 2, 15.5, 8], "texture": "#1"},
				"up": {"uv": [14, 2.5, 16, 3.5], "rotation": 180, "texture": "#1"}
			}
		},
		{
			"from": [-0.5, 2, 3],
			"to": [0, 3, 4],
			"faces": {
				"south": {"uv": [12.5, 2, 13.5, 4], "texture": "#1", "cullface": "west"},
				"west": {"uv": [12, 2, 14, 4], "texture": "#1", "cullface": "west"},
				"up": {"uv": [12, 2.5, 14, 3.5], "rotation": 180, "texture": "#1", "cullface": "west"},
				"down": {"uv": [12, 2, 14, 4], "rotation": 180, "texture": "#1", "cullface": "west"}
			}
		},
		{
			"from": [0, 0, 0],
			"to": [3, 16, 16],
			"faces": {
				"north": {"uv": [15.25, 0, 15.75, 16], "texture": "#top", "cullface": "north"},
				"east": {"uv": [0, 0, 16, 16], "texture": "#top"},
				"south": {"uv": [0.75, 0, 0.25, 16], "texture": "#top", "cullface": "south"},
				"west": {"uv": [16, 0, 0, 16], "texture": "#top", "cullface": "west"},
				"up": {"uv": [0, 0.75, 16, 0.25], "rotation": 270, "texture": "#top", "cullface": "up"},
				"down": {"uv": [0, 0, 0, 0], "rotation": 180, "texture": "#top"}
			}
		},
		{
			"from": [-0.5, 0, 2],
			"to": [0, 3, 3],
			"faces": {
				"north": {"uv": [14.5, 2, 15.5, 8], "texture": "#1", "cullface": "west"},
				"south": {"uv": [14.5, 2, 15.5, 8], "texture": "#1", "cullface": "west"},
				"west": {"uv": [14, 2, 16, 8], "texture": "#1", "cullface": "west"},
				"up": {"uv": [14, 2.5, 16, 3.5], "rotation": 180, "texture": "#1", "cullface": "west"}
			}
		}
	]
}