{"credit":"Made with Blockbench by Valdr687","parent":"minecraft:block/crop","textures":{"crop":"block/nether_wart_stage0"},"elements":[{"from":[2,0,2],"to":[5,1,5],"faces":{"north":{"uv":[7,15,10,16],"texture":"#crop"},"east":{"uv":[7,15,10,16],"texture":"#crop"},"south":{"uv":[7,15,10,16],"texture":"#crop"},"west":{"uv":[7,15,10,16],"texture":"#crop"},"up":{"uv":[0,0,3,3],"texture":"#crop"},"down":{"uv":[0,0,3,3],"texture":"#crop"}}},{"from":[11,4,2],"to":[14,5,5],"faces":{"north":{"uv":[11,10,14,11],"texture":"#crop"},"east":{"uv":[11,10,14,11],"texture":"#crop"},"south":{"uv":[11,10,14,11],"texture":"#crop"},"west":{"uv":[11,10,14,11],"texture":"#crop"},"up":{"uv":[0,0,3,3],"texture":"#crop"}}},{"from":[11,0,2],"to":[14,2,5],"faces":{"north":{"uv":[11,14,14,16],"texture":"#crop"},"east":{"uv":[11,14,14,16],"texture":"#crop"},"south":{"uv":[11,14,14,16],"texture":"#crop"},"west":{"uv":[11,14,14,16],"texture":"#crop"},"down":{"uv":[0,0,3,3],"texture":"#crop"}}},{"from":[10,2,1],"to":[15,4,6],"faces":{"north":{"uv":[10,11,15,13],"texture":"#crop"},"east":{"uv":[10,11,15,13],"texture":"#crop"},"south":{"uv":[10,11,15,13],"texture":"#crop"},"west":{"uv":[10,11,15,13],"texture":"#crop"},"up":{"uv":[3,0,8,5],"texture":"#crop"},"down":{"uv":[3,0,8,5],"texture":"#crop"}}},{"from":[2,0,11],"to":[5,3,14],"faces":{"north":{"uv":[11,13,14,16],"texture":"#crop"},"east":{"uv":[11,13,14,16],"texture":"#crop"},"south":{"uv":[11,13,14,16],"texture":"#crop"},"west":{"uv":[11,13,14,16],"texture":"#crop"},"down":{"uv":[0,0,3,3],"texture":"#crop"}}},{"from":[1,3,10],"to":[6,5,15],"faces":{"north":{"uv":[2,12,7,14],"texture":"#crop"},"east":{"uv":[2,12,7,14],"texture":"#crop"},"south":{"uv":[2,12,7,14],"texture":"#crop"},"west":{"uv":[2,12,7,14],"texture":"#crop"},"up":{"uv":[3,0,8,5],"texture":"#crop"},"down":{"uv":[3,0,8,5],"texture":"#crop"}}},{"from":[2,5,11],"to":[5,6,14],"faces":{"north":{"uv":[11,10,14,11],"texture":"#crop"},"east":{"uv":[11,10,14,11],"texture":"#crop"},"south":{"uv":[11,10,14,11],"texture":"#crop"},"west":{"uv":[11,10,14,11],"texture":"#crop"},"up":{"uv":[0,0,3,3],"texture":"#crop"}}},{"from":[9,1,10],"to":[13,3,14],"faces":{"north":{"uv":[0,5,4,7],"texture":"#crop"},"east":{"uv":[0,5,4,7],"texture":"#crop"},"south":{"uv":[0,5,4,7],"texture":"#crop"},"west":{"uv":[0,5,4,7],"texture":"#crop"},"up":{"uv":[8,0,12,4],"texture":"#crop"},"down":{"uv":[8,0,12,4],"texture":"#crop"}}},{"from":[10,3,11],"to":[12,4,13],"faces":{"north":{"uv":[11,10,13,11],"texture":"#crop"},"east":{"uv":[11,10,13,11],"texture":"#crop"},"south":{"uv":[11,10,13,11],"texture":"#crop"},"west":{"uv":[11,10,13,11],"texture":"#crop"},"up":{"uv":[0,0,2,2],"texture":"#crop"}}},{"from":[10,0,11],"to":[12,1,13],"faces":{"north":{"uv":[0,4,2,5],"texture":"#crop"},"east":{"uv":[0,4,2,5],"texture":"#crop"},"south":{"uv":[0,4,2,5],"texture":"#crop"},"west":{"uv":[0,4,2,5],"texture":"#crop"},"down":{"uv":[0,2,2,4],"texture":"#crop"}}}]}