{
	"credit": "Made with Blockbench",
	"textures": {
		"0": "block/oak_door_handle",
		"1": "block/oak_door_top",
		"particle": "block/oak_door_top"
	},
	"elements": [
		{
			"name": "Element",
			"from": [0, 0, 0],
			"to": [3, 16, 16],
			"faces": {
				"north": {"uv": [0.25, 0, 0.75, 16], "texture": "#1", "cullface": "north"},
				"east": {"uv": [16, 0, 0, 16], "texture": "#1"},
				"south": {"uv": [15.25, 0, 15.75, 16], "texture": "#1", "cullface": "south"},
				"west": {"uv": [0, 0, 16, 16], "texture": "#1", "cullface": "west"},
				"up": {"uv": [0, 0.25, 16, 0.75], "rotation": 90, "texture": "#1", "cullface": "up"}
			}
		},
		{
			"name": "Element",
			"from": [-0.5, 0, 11],
			"to": [0, 1, 14],
			"faces": {
				"north": {"uv": [0, 8, 2, 12], "texture": "#0", "cullface": "west"},
				"south": {"uv": [10, 8, 12, 12], "texture": "#0", "cullface": "west"},
				"west": {"uv": [0, 8, 12, 12], "texture": "#0", "cullface": "west"},
				"up": {"uv": [0, 8, 12, 10], "rotation": 90, "texture": "#0", "cullface": "west"},
				"down": {"uv": [0, 10, 12, 12], "rotation": 270, "texture": "#0", "cullface": "west"}
			}
		},
		{
			"name": "Element",
			"from": [3, 0, 11],
			"to": [3.5, 1, 14],
			"faces": {
				"north": {"uv": [14, 0, 16, 4], "texture": "#0"},
				"east": {"uv": [4, 0, 16, 4], "texture": "#0"},
				"south": {"uv": [4, 0, 6, 4], "texture": "#0"},
				"up": {"uv": [4, 0, 16, 2], "rotation": 270, "texture": "#0"},
				"down": {"uv": [4, 2, 16, 4], "rotation": 90, "texture": "#0"}
			}
		},
		{
			"name": "Element",
			"from": [3, 13, 7],
			"to": [0, 10, 3],
			"faces": {
				"north": {"uv": [7.75, 6, 7.25, 3], "texture": "#1"},
				"south": {"uv": [2.75, 6, 2.25, 3], "texture": "#1"},
				"up": {"uv": [3, 6.25, 7, 6.75], "rotation": 270, "texture": "#1"},
				"down": {"uv": [7, 2.25, 3, 2.75], "rotation": 270, "texture": "#1"}
			}
		},
		{
			"name": "Element",
			"from": [3, 13, 13],
			"to": [0, 10, 9],
			"faces": {
				"north": {"uv": [13.75, 6, 13.25, 3], "texture": "#1"},
				"south": {"uv": [8.75, 6, 8.25, 3], "texture": "#1"},
				"up": {"uv": [9, 6.25, 13, 6.75], "rotation": 270, "texture": "#1"},
				"down": {"uv": [13, 2.25, 9, 2.75], "rotation": 270, "texture": "#1"}
			}
		},
		{
			"name": "Element",
			"from": [3, 8, 13],
			"to": [0, 5, 9],
			"faces": {
				"north": {"uv": [13.75, 11, 13.25, 8], "texture": "#1"},
				"south": {"uv": [8.75, 11, 8.25, 8], "texture": "#1"},
				"up": {"uv": [9, 11.25, 13, 11.75], "rotation": 270, "texture": "#1"},
				"down": {"uv": [13, 7.25, 9, 7.75], "rotation": 270, "texture": "#1"}
			}
		},
		{
			"name": "Element",
			"from": [3, 8, 7],
			"to": [0, 5, 3],
			"faces": {
				"north": {"uv": [7.75, 11, 7.25, 8], "texture": "#1"},
				"south": {"uv": [2.75, 11, 2.25, 8], "texture": "#1"},
				"up": {"uv": [3, 11.25, 7, 11.75], "rotation": 270, "texture": "#1"},
				"down": {"uv": [7, 7.25, 3, 7.75], "rotation": 270, "texture": "#1"}
			}
		}
	]
}