{"credit":"Made with Blockbench by Valdr687","textures":{"0":"block/oak_sapling_block","particle":"block/oak_sapling_block"},"elements":[{"from":[7.5,0,7.5],"to":[8.5,9,8.5],"faces":{"north":{"uv":[12,3,13,12],"texture":"#0"},"east":{"uv":[12,3,13,12],"texture":"#0"},"south":{"uv":[12,3,13,12],"texture":"#0"},"west":{"uv":[12,3,13,12],"texture":"#0"},"up":{"uv":[12,3,13,4],"texture":"#0"},"down":{"uv":[12,7,13,8],"texture":"#0"}}},{"from":[5,5,5],"to":[11,11,11],"faces":{"north":{"uv":[2,3,8,9],"texture":"#0"},"east":{"uv":[2,3,8,9],"texture":"#0"},"south":{"uv":[2,3,8,9],"texture":"#0"},"west":{"uv":[2,3,8,9],"texture":"#0"},"up":{"uv":[2,3,8,9],"texture":"#0"},"down":{"uv":[2,3,8,9],"texture":"#0"}}},{"from":[5.5,5.5,5.5],"to":[10.5,10.5,10.5],"faces":{"north":{"uv":[5,4,10,9],"texture":"#0"},"east":{"uv":[5,4,10,9],"texture":"#0"},"south":{"uv":[5,4,10,9],"texture":"#0"},"west":{"uv":[5,4,10,9],"texture":"#0"},"up":{"uv":[5,4,10,9],"texture":"#0"},"down":{"uv":[5,4,10,9],"texture":"#0"}}},{"from":[6,11,6],"to":[10,13,10],"faces":{"north":{"uv":[2,3,6,5],"texture":"#0"},"east":{"uv":[2,3,6,5],"texture":"#0"},"south":{"uv":[2,3,6,5],"texture":"#0"},"west":{"uv":[2,3,6,5],"texture":"#0"},"up":{"uv":[6,3,10,7],"texture":"#0"},"down":{"uv":[6,3,10,7],"texture":"#0"}}}]}