{
	"credit": "Made with Blockbench",
	"ambientocclusion": false,
	"textures": {
		"2": "block/eyeblossom_1",
		"particle": "block/open_eyeblossom",
		"cross": "block/open_eyeblossom",
		"cross_emissive": "block/open_eyeblossom_emissive"
	},
	"elements": [
		{
			"from": [3.125, 5.62132, 8],
			"to": [13.125, 9.62132, 8],
			"shade": false,
			"rotation": {"angle": 45, "axis": "x", "origin": [8.10539, 5.5, 8]},
			"faces": {
				"north": {"uv": [3, 4, 13, 8], "texture": "#2"},
				"south": {"uv": [3, 4, 13, 8], "texture": "#2"}
			}
		},
		{
			"from": [8.11926, 5.60746, 3],
			"to": [8.11926, 9.60746, 13],
			"shade": false,
			"rotation": {"angle": 45, "axis": "z", "origin": [8.10539, 5.5, 8]},
			"faces": {
				"east": {"uv": [3, 4, 13, 8], "texture": "#2"},
				"west": {"uv": [3, 4, 13, 8], "texture": "#2"}
			}
		},
		{
			"from": [8.11926, 5.63518, 3],
			"to": [8.11926, 9.63518, 13],
			"shade": false,
			"rotation": {"angle": -45, "axis": "z", "origin": [8.10539, 5.5, 8]},
			"faces": {
				"east": {"uv": [3, 4, 13, 8], "texture": "#2"},
				"west": {"uv": [3, 4, 13, 8], "texture": "#2"}
			}
		},
		{
			"from": [3.125, 5.62132, 8],
			"to": [13.125, 9.62132, 8],
			"shade": false,
			"rotation": {"angle": -45, "axis": "x", "origin": [8.10539, 5.5, 8]},
			"faces": {
				"north": {"uv": [3, 4, 13, 8], "texture": "#2"},
				"south": {"uv": [3, 4, 13, 8], "texture": "#2"}
			}
		},
		{
			"from": [4.125, 3.79289, 10.82843],
			"to": [12.125, 6.79289, 10.82843],
			"shade": false,
			"rotation": {"angle": 45, "axis": "x", "origin": [8.10539, 5.5, 8]},
			"faces": {
				"north": {"uv": [8, 13, 16, 16], "texture": "#2"},
				"south": {"uv": [8, 13, 16, 16], "texture": "#2"}
			}
		},
		{
			"from": [5.29083, 3.77903, 4],
			"to": [5.29083, 6.77903, 12],
			"shade": false,
			"rotation": {"angle": 45, "axis": "z", "origin": [8.10539, 5.5, 8]},
			"faces": {
				"east": {"uv": [8, 13, 16, 16], "texture": "#2"},
				"west": {"uv": [8, 13, 16, 16], "texture": "#2"}
			}
		},
		{
			"from": [10.94768, 3.80676, 4],
			"to": [10.94768, 6.80676, 12],
			"shade": false,
			"rotation": {"angle": -45, "axis": "z", "origin": [8.10539, 5.5, 8]},
			"faces": {
				"east": {"uv": [8, 13, 16, 16], "texture": "#2"},
				"west": {"uv": [8, 13, 16, 16], "texture": "#2"}
			}
		},
		{
			"from": [4.125, 3.79289, 5.17157],
			"to": [12.125, 6.79289, 5.17157],
			"shade": false,
			"rotation": {"angle": -45, "axis": "x", "origin": [8.10539, 5.5, 8]},
			"faces": {
				"north": {"uv": [8, 13, 16, 16], "texture": "#2"},
				"south": {"uv": [8, 13, 16, 16], "texture": "#2"}
			}
		},
		{
			"from": [8, 0, 0],
			"to": [8, 16, 16],
			"shade": false,
			"light_emission": 15,
			"rotation": {"angle": 0, "axis": "y", "origin": [8, 8, 8]},
			"faces": {
				"east": {"uv": [0, 0, 16, 16], "texture": "#cross_emissive"},
				"west": {"uv": [0, 0, 16, 16], "texture": "#cross_emissive"}
			}
		},
		{
			"from": [0, 0, 8],
			"to": [16, 16, 8],
			"shade": false,
			"light_emission": 15,
			"rotation": {"angle": 0, "axis": "y", "origin": [8, 8, 8]},
			"faces": {
				"north": {"uv": [0, 0, 16, 16], "texture": "#cross_emissive"},
				"south": {"uv": [0, 0, 16, 16], "texture": "#cross_emissive"}
			}
		},
		{
			"from": [7, 10, 8],
			"to": [9, 11, 8],
			"shade": false,
			"light_emission": 15,
			"rotation": {"angle": 45, "axis": "y", "origin": [8, 8, 8]},
			"faces": {
				"north": {"uv": [7, 5, 9, 6], "texture": "#cross_emissive"},
				"east": {"uv": [7, 5, 9, 6], "texture": "#cross_emissive"},
				"south": {"uv": [7, 5, 9, 6], "texture": "#cross_emissive"},
				"west": {"uv": [7, 5, 9, 6], "texture": "#cross_emissive"},
				"up": {"uv": [7, 5, 9, 6], "texture": "#cross_emissive"},
				"down": {"uv": [7, 5, 9, 6], "texture": "#cross_emissive"}
			}
		},
		{
			"from": [8, 10, 7],
			"to": [8, 11, 9],
			"shade": false,
			"light_emission": 15,
			"rotation": {"angle": 45, "axis": "y", "origin": [8, 8, 8]},
			"faces": {
				"north": {"uv": [7, 5, 9, 6], "texture": "#cross_emissive"},
				"east": {"uv": [7, 5, 9, 6], "texture": "#cross_emissive"},
				"south": {"uv": [7, 5, 9, 6], "texture": "#cross_emissive"},
				"west": {"uv": [7, 5, 9, 6], "texture": "#cross_emissive"},
				"up": {"uv": [7, 5, 9, 6], "rotation": 270, "texture": "#cross_emissive"},
				"down": {"uv": [7, 5, 9, 6], "rotation": 90, "texture": "#cross_emissive"}
			}
		},
		{
			"from": [7, 0, 7],
			"to": [9, 10, 9],
			"rotation": {"angle": 0, "axis": "y", "origin": [8, 5, 8]},
			"faces": {
				"north": {"uv": [7, 6, 9, 16], "texture": "#cross"},
				"east": {"uv": [7, 6, 9, 16], "texture": "#cross"},
				"south": {"uv": [7, 6, 9, 16], "texture": "#cross"},
				"west": {"uv": [7, 6, 9, 16], "texture": "#cross"},
				"up": {"uv": [7, 6, 9, 8], "rotation": 270, "texture": "#cross"},
				"down": {"uv": [7, 14, 9, 16], "rotation": 90, "texture": "#cross"}
			}
		},
		{
			"from": [7, 10, 9],
			"to": [9, 10, 11],
			"rotation": {"angle": 22.5, "axis": "x", "origin": [8, 10, 9]},
			"faces": {
				"up": {"uv": [7, 6, 9, 8], "rotation": 270, "texture": "#cross"},
				"down": {"uv": [7, 10, 9, 12], "rotation": 90, "texture": "#cross"}
			}
		},
		{
			"from": [9, 10, 7],
			"to": [11, 10, 9],
			"rotation": {"angle": -22.5, "axis": "z", "origin": [9, 10, 9]},
			"faces": {
				"up": {"uv": [7, 6, 9, 8], "rotation": 270, "texture": "#cross"},
				"down": {"uv": [7, 10, 9, 12], "rotation": 90, "texture": "#cross"}
			}
		},
		{
			"from": [5, 10, 7],
			"to": [7, 10, 9],
			"rotation": {"angle": 22.5, "axis": "z", "origin": [7, 10, 9]},
			"faces": {
				"up": {"uv": [7, 6, 9, 8], "rotation": 270, "texture": "#cross"},
				"down": {"uv": [7, 10, 9, 12], "rotation": 90, "texture": "#cross"}
			}
		},
		{
			"from": [7, 10, 5],
			"to": [9, 10, 7],
			"rotation": {"angle": -22.5, "axis": "x", "origin": [8, 10, 7]},
			"faces": {
				"up": {"uv": [7, 6, 9, 8], "rotation": 270, "texture": "#cross"},
				"down": {"uv": [7, 10, 9, 12], "rotation": 90, "texture": "#cross"}
			}
		},
		{
			"from": [8.03087, 4, 8.82452],
			"to": [8.03087, 9, 11.82452],
			"rotation": {"angle": -45, "axis": "y", "origin": [8.10539, 6.5, 8]},
			"faces": {
				"east": {"uv": [13, 6, 16, 11], "texture": "#2"},
				"west": {"uv": [16, 6, 13, 11], "texture": "#2"}
			}
		},
		{
			"from": [8.03087, 4, 4.32452],
			"to": [8.03087, 9, 7.32452],
			"rotation": {"angle": -45, "axis": "y", "origin": [8.10539, 6.5, 8]},
			"faces": {
				"east": {"uv": [16, 6, 13, 11], "texture": "#2"},
				"west": {"uv": [13, 6, 16, 11], "texture": "#2"}
			}
		},
		{
			"from": [8.03087, 4, 8.67548],
			"to": [8.03087, 9, 11.67548],
			"rotation": {"angle": 45, "axis": "y", "origin": [8.10539, 6.5, 8]},
			"faces": {
				"east": {"uv": [13, 0, 16, 5], "texture": "#2"},
				"west": {"uv": [16, 0, 13, 5], "texture": "#2"}
			}
		},
		{
			"from": [8.03087, 4, 4.17548],
			"to": [8.03087, 9, 7.17548],
			"rotation": {"angle": 45, "axis": "y", "origin": [8.10539, 6.5, 8]},
			"faces": {
				"east": {"uv": [16, 0, 13, 5], "texture": "#2"},
				"west": {"uv": [13, 0, 16, 5], "texture": "#2"}
			}
		}
	],
	"groups": [
		{
			"name": "group",
			"origin": [8.5, 8, 6.5],
			"color": 0,
			"children": [0, 1, 2, 3]
		},
		{
			"name": "group",
			"origin": [8.5, 8, 6.5],
			"color": 0,
			"children": [4, 5, 6, 7]
		},
		{
			"name": "group",
			"origin": [8, 8, 8],
			"color": 0,
			"children": [8, 9, 10, 11]
		},
		12,
		{
			"name": "group",
			"origin": [8, 10, 7],
			"color": 0,
			"children": [13, 14, 15, 16]
		},
		{
			"name": "group",
			"origin": [8, 6, 8],
			"color": 0,
			"children": [17, 18, 19, 20]
		}
	]
}