{
	"credit": "Made with Blockbench",
	"parent": "minecraft:block/cross",
	"textures": {
		"2": "block/pale_oak_log",
		"3": "block/pale_oak_sapling_leaves1",
		"cross": "block/pale_oak_sapling_leaves",
		"particle": "block/pale_oak_leaves"
	},
	"elements": [
		{
			"from": [0, 0.275, 5.675],
			"to": [16, 16.275, 5.675],
			"rotation": {"angle": 0, "axis": "y", "origin": [8, 9.275, 8.675]},
			"faces": {
				"north": {"uv": [0, 0, 16, 16], "texture": "#cross"},
				"south": {"uv": [16, 0, 0, 16], "texture": "#cross"}
			}
		},
		{
			"from": [8, 1.275, 0.675],
			"to": [8, 17.275, 16.675],
			"rotation": {"angle": 0, "axis": "y", "origin": [0, -0.725, 0.675]},
			"faces": {
				"east": {"uv": [0, 0, 16, 16], "texture": "#cross"},
				"west": {"uv": [16, 0, 0, 16], "texture": "#cross"}
			}
		},
		{
			"from": [8, 2.275, 1.675],
			"to": [8, 9.275, 10.675],
			"rotation": {"angle": 45, "axis": "y", "origin": [8, 9.775, 6.175]},
			"faces": {
				"east": {"uv": [0, 0, 9, 7], "texture": "#3"},
				"west": {"uv": [9, 0, 0, 7], "texture": "#3"}
			}
		},
		{
			"from": [8, 2.275, 1.675],
			"to": [8, 9.275, 10.675],
			"rotation": {"angle": -45, "axis": "y", "origin": [8, 9.775, 6.175]},
			"faces": {
				"east": {"uv": [0, 0, 9, 7], "texture": "#3"},
				"west": {"uv": [9, 0, 0, 7], "texture": "#3"}
			}
		},
		{
			"from": [5.5, 8.275, 12.15],
			"to": [8.5, 13.275, 12.15],
			"rotation": {"angle": 22.5, "axis": "y", "origin": [8, 9.775, 12.15]},
			"faces": {
				"north": {"uv": [3, 1, 0, 6], "texture": "#3"},
				"south": {"uv": [0, 1, 3, 6], "texture": "#3"}
			}
		},
		{
			"from": [9.30555, 5.275, 6.48055],
			"to": [12.30555, 9.275, 6.48055],
			"rotation": {"angle": -22.5, "axis": "y", "origin": [10.80555, 7.775, 6.95555]},
			"faces": {
				"north": {"uv": [6, 11, 3, 15], "texture": "#3"},
				"south": {"uv": [3, 11, 6, 15], "texture": "#3"}
			}
		},
		{
			"from": [5.68732, 6.3, 5.0167],
			"to": [5.68732, 10.3, 8.0167],
			"rotation": {"angle": -22.5, "axis": "y", "origin": [5.68732, 8.3, 6.5167]},
			"faces": {
				"east": {"uv": [3, 15, 6, 11], "texture": "#3"},
				"west": {"uv": [6, 15, 3, 11], "texture": "#3"}
			}
		},
		{
			"from": [5.18732, 8.35, 8.0417],
			"to": [8.18732, 12.35, 8.0417],
			"rotation": {"angle": 22.5, "axis": "y", "origin": [7.68732, 10.35, 9.0417]},
			"faces": {
				"north": {"uv": [6, 15, 3, 11], "texture": "#3"},
				"south": {"uv": [3, 15, 6, 11], "texture": "#3"}
			}
		},
		{
			"from": [8, 6.275, 1.675],
			"to": [8, 13.275, 11.675],
			"rotation": {"angle": 22.5, "axis": "y", "origin": [8, 13.775, 6.175]},
			"faces": {
				"east": {"uv": [0, 7, 10, 14], "texture": "#3"},
				"west": {"uv": [10, 7, 0, 14], "texture": "#3"}
			}
		},
		{
			"from": [8, 6.275, 0.675],
			"to": [8, 13.275, 10.675],
			"rotation": {"angle": -22.5, "axis": "y", "origin": [8, 13.775, 6.175]},
			"faces": {
				"east": {"uv": [10, 7, 0, 14], "texture": "#3"},
				"west": {"uv": [0, 7, 10, 14], "texture": "#3"}
			}
		},
		{
			"from": [7.5, 1.63268, 5.75112],
			"to": [8.5, 3.63268, 6.75112],
			"rotation": {"angle": -22.5, "axis": "x", "origin": [8.5, 2.63268, 6.75112]},
			"faces": {
				"north": {"uv": [7, 11, 9, 12], "rotation": 90, "texture": "#2"},
				"east": {"uv": [7, 11, 9, 12], "rotation": 270, "texture": "#2"},
				"south": {"uv": [7, 11, 9, 12], "rotation": 90, "texture": "#2"},
				"west": {"uv": [7, 11, 9, 12], "rotation": 90, "texture": "#2"},
				"up": {"uv": [7, 11, 8, 12], "rotation": 180, "texture": "#2"},
				"down": {"uv": [7, 11, 8, 12], "texture": "#2"}
			}
		},
		{
			"from": [7.525, 3.15768, 5.47612],
			"to": [8.475, 7.63268, 6.47612],
			"rotation": {"angle": 0, "axis": "x", "origin": [8.5, 3.63268, 6.47612]},
			"faces": {
				"north": {"uv": [8, 5, 9, 9.475], "rotation": 180, "texture": "#2"},
				"east": {"uv": [8, 5, 9, 9.475], "rotation": 180, "texture": "#2"},
				"south": {"uv": [8, 9.475, 9, 5], "texture": "#2"},
				"west": {"uv": [8, 9.475, 9, 5], "texture": "#2"}
			}
		},
		{
			"from": [7.5, 7.15768, 5.50112],
			"to": [8.5, 9.63268, 6.45112],
			"rotation": {"angle": 45, "axis": "z", "origin": [8, 7.1577, 5.47612]},
			"faces": {
				"north": {"uv": [3, 5, 5.475, 6], "rotation": 90, "texture": "#2"},
				"east": {"uv": [3, 5, 5.475, 5.95], "rotation": 270, "texture": "#2"},
				"south": {"uv": [3, 5, 5.475, 6], "rotation": 90, "texture": "#2"},
				"west": {"uv": [3, 5, 5.475, 5.95], "rotation": 90, "texture": "#2"},
				"up": {"uv": [3, 5, 4, 5.95], "rotation": 180, "texture": "#2"}
			}
		},
		{
			"from": [4.19825, 8.72195, 5.47612],
			"to": [6.67325, 9.72195, 6.47612],
			"rotation": {"angle": -22.5, "axis": "z", "origin": [5.43575, 9.62195, 5.97612]},
			"faces": {
				"north": {"uv": [6.475, 2, 4, 3], "rotation": 180, "texture": "#2"},
				"east": {"uv": [4, 2, 5, 3], "rotation": 270, "texture": "#2"},
				"south": {"uv": [6.475, 3, 4, 2], "rotation": 180, "texture": "#2"},
				"west": {"uv": [4, 2, 5, 3], "rotation": 90, "texture": "#2"},
				"up": {"uv": [4, 2, 6.475, 3], "rotation": 180, "texture": "#2"},
				"down": {"uv": [6.475, 2, 4, 3], "texture": "#2"}
			}
		},
		{
			"from": [7.5, 7.15768, 5.50112],
			"to": [8.5, 10.63268, 6.45112],
			"rotation": {"angle": -45, "axis": "z", "origin": [8, 7.1577, 5.47612]},
			"faces": {
				"north": {"uv": [8, 7, 11.475, 8], "rotation": 90, "texture": "#2"},
				"east": {"uv": [11.475, 7.95, 8, 7], "rotation": 270, "texture": "#2"},
				"south": {"uv": [8, 7, 11.475, 8], "rotation": 90, "texture": "#2"},
				"west": {"uv": [8, 7, 11.475, 7.95], "rotation": 90, "texture": "#2"},
				"up": {"uv": [8, 7, 9, 7.95], "rotation": 180, "texture": "#2"}
			}
		},
		{
			"from": [10.11241, 8.25761, 5.47612],
			"to": [12.58741, 9.25761, 6.47612],
			"rotation": {"angle": -22.5, "axis": "z", "origin": [11.84991, 9.53261, 5.97612]},
			"faces": {
				"north": {"uv": [12.475, 2, 10, 3], "rotation": 180, "texture": "#2"},
				"east": {"uv": [10, 2, 11, 3], "rotation": 270, "texture": "#2"},
				"south": {"uv": [12.475, 2, 10, 3], "texture": "#2"},
				"west": {"uv": [10, 2, 11, 3], "rotation": 90, "texture": "#2"},
				"up": {"uv": [10, 2, 12.475, 3], "rotation": 180, "texture": "#2"},
				"down": {"uv": [12.475, 2, 10, 3], "texture": "#2"}
			}
		},
		{
			"from": [7.5, 7.15768, 5.47612],
			"to": [8.5, 11.63268, 6.47612],
			"rotation": {"angle": -45, "axis": "x", "origin": [8, 7.1577, 5.47612]},
			"faces": {
				"north": {"uv": [1, 8.475, 2, 4], "rotation": 180, "texture": "#2"},
				"east": {"uv": [1, 8.475, 2, 4], "rotation": 180, "texture": "#2"},
				"south": {"uv": [1, 4, 2, 8.475], "texture": "#2"},
				"west": {"uv": [1, 4, 2, 8.475], "texture": "#2"},
				"up": {"uv": [1, 7, 2, 8], "rotation": 180, "texture": "#2"},
				"down": {"uv": [1, 4, 2, 5], "texture": "#2"}
			}
		},
		{
			"from": [7.5, 7.55768, 6.35112],
			"to": [8.5, 11.03268, 7.35112],
			"rotation": {"angle": 22.5, "axis": "x", "origin": [8, 9.79518, 6.00112]},
			"faces": {
				"north": {"uv": [7, 4, 10.475, 5], "rotation": 90, "texture": "#2"},
				"east": {"uv": [10.475, 4, 7, 5], "rotation": 270, "texture": "#2"},
				"south": {"uv": [7, 4, 10.475, 5], "rotation": 90, "texture": "#2"},
				"west": {"uv": [7, 4, 10.475, 5], "rotation": 90, "texture": "#2"},
				"up": {"uv": [7, 4, 8, 5], "rotation": 180, "texture": "#2"},
				"down": {"uv": [7, 4, 8, 5], "texture": "#2"}
			}
		},
		{
			"from": [7.525, 1.03268, 7.07612],
			"to": [8.475, 2.03268, 9.07612],
			"rotation": {"angle": 45, "axis": "x", "origin": [8.5, 2.35768, 7.07612]},
			"faces": {
				"north": {"uv": [8, 12, 8.95, 13], "texture": "#2"},
				"east": {"uv": [8, 12, 10, 13], "texture": "#2"},
				"west": {"uv": [8, 12, 10, 13], "texture": "#2"},
				"up": {"uv": [8, 12, 10, 12.95], "rotation": 90, "texture": "#2"},
				"down": {"uv": [8, 12, 10, 12.95], "rotation": 90, "texture": "#2"}
			}
		},
		{
			"from": [7.5, 0, 7.5],
			"to": [8.5, 1, 10],
			"rotation": {"angle": 0, "axis": "y", "origin": [0.5, -0.2, 0]},
			"faces": {
				"north": {"uv": [10, 14, 11, 15], "texture": "#2"},
				"east": {"uv": [11, 14, 9, 15], "texture": "#2"},
				"south": {"uv": [9, 14, 10, 15], "texture": "#2"},
				"west": {"uv": [9, 14, 11, 15], "texture": "#2"},
				"up": {"uv": [9, 14, 11, 15], "rotation": 90, "texture": "#2"},
				"down": {"uv": [11, 14, 9, 15], "rotation": 90, "texture": "#2", "cullface": "down"}
			}
		},
		{
			"from": [7.525, 10.07109, 6.95534],
			"to": [8.475, 11.07109, 10.43034],
			"rotation": {"angle": -22.5, "axis": "x", "origin": [8, 10.57109, 7.44284]},
			"faces": {
				"north": {"uv": [4, 8, 4.95, 9], "rotation": 180, "texture": "#2"},
				"east": {"uv": [4, 8, 7.475, 9], "rotation": 180, "texture": "#2"},
				"west": {"uv": [7.475, 8, 4, 9], "rotation": 180, "texture": "#2"},
				"up": {"uv": [4, 8, 7.475, 8.95], "rotation": 90, "texture": "#2"},
				"down": {"uv": [7.475, 8, 4, 8.95], "rotation": 90, "texture": "#2"}
			}
		},
		{
			"from": [7.5, 11.19749, 10.00682],
			"to": [8.5, 12.19749, 13.48182],
			"rotation": {"angle": 0, "axis": "x", "origin": [8, 12.19749, 11.36932]},
			"faces": {
				"north": {"uv": [5, 11, 6, 12], "rotation": 180, "texture": "#2"},
				"east": {"uv": [8.475, 11, 5, 12], "rotation": 180, "texture": "#2"},
				"south": {"uv": [5, 11, 6, 12], "rotation": 180, "texture": "#2"},
				"west": {"uv": [5, 11, 8.475, 12], "rotation": 180, "texture": "#2"},
				"up": {"uv": [5, 11, 8.475, 12], "rotation": 270, "texture": "#2"},
				"down": {"uv": [5, 11, 8.475, 12], "rotation": 90, "texture": "#2"}
			}
		}
	],
	"groups": [
		{
			"name": "group",
			"origin": [8, 13.775, 6.175],
			"color": 0,
			"children": [0, 1, 2, 3, 4, 5, 6, 7, 8, 9]
		},
		{
			"name": "group",
			"origin": [8, 2.55768, 7.07612],
			"color": 0,
			"children": [10, 11, 12, 13, 14, 15, 16, 17, 18, 19, 20, 21]
		}
	]
}