{"credit":"Made with Blockbench by Valdr687","textures":{"0":"block/peony_top_block","1":"block/peony","particle":"block/peony_top_block"},"elements":[{"from":[8,0,0],"to":[8,16,16],"faces":{"north":{"uv":[0,0,0,16],"texture":"#0"},"east":{"uv":[16,0,0,16],"texture":"#0"},"south":{"uv":[0,0,0,16],"texture":"#0"},"west":{"uv":[0,0,16,16],"texture":"#0"},"up":{"uv":[0,0,0,16],"texture":"#0"},"down":{"uv":[0,0,0,16],"texture":"#0"}}},{"from":[0,0,8],"to":[16,16,8],"faces":{"north":{"uv":[16,0,0,16],"texture":"#0"},"east":{"uv":[0,0,0,16],"texture":"#0"},"south":{"uv":[0,0,16,16],"texture":"#0"},"west":{"uv":[0,0,0,16],"texture":"#0"},"up":{"uv":[0,0,0,16],"rotation":270,"texture":"#0"},"down":{"uv":[0,0,0,16],"rotation":90,"texture":"#0"}}},{"from":[6.525,4,12.5],"to":[9.525,4,15.5],"rotation":{"angle":45,"axis":"x","origin":[8,4,14]},"faces":{"north":{"uv":[0,0,3,0],"texture":"#missing"},"east":{"uv":[0,0,3,0],"texture":"#missing"},"south":{"uv":[0,0,3,0],"texture":"#missing"},"west":{"uv":[0,0,3,0],"texture":"#missing"},"up":{"uv":[3,3,6,6],"texture":"#1"},"down":{"uv":[3,3,6,6],"texture":"#1"}}},{"from":[6.525,4,12.5],"to":[6.525,7,15.5],"rotation":{"angle":45,"axis":"x","origin":[8,4,14]},"faces":{"north":{"uv":[0,0,0,3],"texture":"#missing"},"east":{"uv":[0,3,3,6],"texture":"#1"},"south":{"uv":[0,0,0,3],"texture":"#missing"},"west":{"uv":[0,3,3,6],"texture":"#1"},"up":{"uv":[3,3,3,6],"texture":"#1"},"down":{"uv":[3,3,3,6],"texture":"#1"}}},{"from":[9.525,4,12.5],"to":[9.525,7,15.5],"rotation":{"angle":45,"axis":"x","origin":[8,4,14]},"faces":{"north":{"uv":[0,0,0,3],"texture":"#missing"},"east":{"uv":[6,3,9,6],"texture":"#1"},"south":{"uv":[0,0,0,3],"texture":"#missing"},"west":{"uv":[6,3,9,6],"texture":"#1"},"up":{"uv":[3,3,3,6],"texture":"#1"},"down":{"uv":[3,3,3,6],"texture":"#1"}}},{"from":[6.525,4,12.5],"to":[9.525,7,12.5],"rotation":{"angle":45,"axis":"x","origin":[8,4,14]},"faces":{"north":{"uv":[3,0,6,3],"texture":"#1"},"east":{"uv":[0,0,0,3],"texture":"#missing"},"south":{"uv":[3,0,6,3],"texture":"#1"},"west":{"uv":[0,0,0,3],"texture":"#missing"},"up":{"uv":[3,3,6,3],"texture":"#1"},"down":{"uv":[3,3,6,3],"texture":"#1"}}},{"from":[6.525,4,15.5],"to":[9.525,7,15.5],"rotation":{"angle":45,"axis":"x","origin":[8,4,14]},"faces":{"north":{"uv":[3,6,6,9],"texture":"#1"},"east":{"uv":[0,0,0,3],"texture":"#missing"},"south":{"uv":[3,6,6,9],"texture":"#1"},"west":{"uv":[0,0,0,3],"texture":"#missing"},"up":{"uv":[3,3,6,3],"texture":"#1"},"down":{"uv":[3,3,6,3],"texture":"#1"}}},{"from":[6.525,9,8.5],"to":[9.525,9,11.5],"rotation":{"angle":45,"axis":"x","origin":[8,9,10]},"faces":{"north":{"uv":[0,0,3,0],"texture":"#missing"},"east":{"uv":[0,0,3,0],"texture":"#missing"},"south":{"uv":[0,0,3,0],"texture":"#missing"},"west":{"uv":[0,0,3,0],"texture":"#missing"},"up":{"uv":[3,3,6,6],"texture":"#1"},"down":{"uv":[3,3,6,6],"texture":"#1"}}},{"from":[6.525,9,8.5],"to":[6.525,12,11.5],"rotation":{"angle":45,"axis":"x","origin":[8,9,10]},"faces":{"north":{"uv":[0,0,0,3],"texture":"#missing"},"east":{"uv":[0,3,3,6],"texture":"#1"},"south":{"uv":[0,0,0,3],"texture":"#missing"},"west":{"uv":[0,3,3,6],"texture":"#1"},"up":{"uv":[3,3,3,6],"texture":"#1"},"down":{"uv":[3,3,3,6],"texture":"#1"}}},{"from":[9.525,9,8.5],"to":[9.525,12,11.5],"rotation":{"angle":45,"axis":"x","origin":[8,9,10]},"faces":{"north":{"uv":[0,0,0,3],"texture":"#missing"},"east":{"uv":[6,3,9,6],"texture":"#1"},"south":{"uv":[0,0,0,3],"texture":"#missing"},"west":{"uv":[6,3,9,6],"texture":"#1"},"up":{"uv":[3,3,3,6],"texture":"#1"},"down":{"uv":[3,3,3,6],"texture":"#1"}}},{"from":[6.525,9,8.5],"to":[9.525,12,8.5],"rotation":{"angle":45,"axis":"x","origin":[8,9,10]},"faces":{"north":{"uv":[3,0,6,3],"texture":"#1"},"east":{"uv":[0,0,0,3],"texture":"#missing"},"south":{"uv":[3,0,6,3],"texture":"#1"},"west":{"uv":[0,0,0,3],"texture":"#missing"},"up":{"uv":[3,3,6,3],"texture":"#1"},"down":{"uv":[3,3,6,3],"texture":"#1"}}},{"from":[6.525,9,11.5],"to":[9.525,12,11.5],"rotation":{"angle":45,"axis":"x","origin":[8,9,10]},"faces":{"north":{"uv":[3,6,6,9],"texture":"#1"},"east":{"uv":[0,0,0,3],"texture":"#missing"},"south":{"uv":[3,6,6,9],"texture":"#1"},"west":{"uv":[0,0,0,3],"texture":"#missing"},"up":{"uv":[3,3,6,3],"texture":"#1"},"down":{"uv":[3,3,6,3],"texture":"#1"}}},{"from":[6.475,7,3.5],"to":[9.475,7,6.5],"rotation":{"angle":-45,"axis":"x","origin":[8,7,5]},"faces":{"north":{"uv":[0,0,3,0],"texture":"#missing"},"east":{"uv":[0,0,3,0],"texture":"#missing"},"south":{"uv":[0,0,3,0],"texture":"#missing"},"west":{"uv":[0,0,3,0],"texture":"#missing"},"up":{"uv":[3,3,6,6],"texture":"#1"},"down":{"uv":[3,3,6,6],"texture":"#1"}}},{"from":[6.475,7,3.5],"to":[6.475,10,6.5],"rotation":{"angle":-45,"axis":"x","origin":[8,7,5]},"faces":{"north":{"uv":[0,0,0,3],"texture":"#missing"},"east":{"uv":[0,3,3,6],"texture":"#1"},"south":{"uv":[0,0,0,3],"texture":"#missing"},"west":{"uv":[0,3,3,6],"texture":"#1"},"up":{"uv":[3,3,3,6],"texture":"#1"},"down":{"uv":[3,3,3,6],"texture":"#1"}}},{"from":[9.475,7,3.5],"to":[9.475,10,6.5],"rotation":{"angle":-45,"axis":"x","origin":[8,7,5]},"faces":{"north":{"uv":[0,0,0,3],"texture":"#missing"},"east":{"uv":[6,3,9,6],"texture":"#1"},"south":{"uv":[0,0,0,3],"texture":"#missing"},"west":{"uv":[6,3,9,6],"texture":"#1"},"up":{"uv":[3,3,3,6],"texture":"#1"},"down":{"uv":[3,3,3,6],"texture":"#1"}}},{"from":[6.475,7,3.5],"to":[9.475,10,3.5],"rotation":{"angle":-45,"axis":"x","origin":[8,7,5]},"faces":{"north":{"uv":[3,0,6,3],"texture":"#1"},"east":{"uv":[0,0,0,3],"texture":"#missing"},"south":{"uv":[3,0,6,3],"texture":"#1"},"west":{"uv":[0,0,0,3],"texture":"#missing"},"up":{"uv":[3,3,6,3],"texture":"#1"},"down":{"uv":[3,3,6,3],"texture":"#1"}}},{"from":[6.475,7,6.5],"to":[9.475,10,6.5],"rotation":{"angle":-45,"axis":"x","origin":[8,7,5]},"faces":{"north":{"uv":[3,6,6,9],"texture":"#1"},"east":{"uv":[0,0,0,3],"texture":"#missing"},"south":{"uv":[3,6,6,9],"texture":"#1"},"west":{"uv":[0,0,0,3],"texture":"#missing"},"up":{"uv":[3,3,6,3],"texture":"#1"},"down":{"uv":[3,3,6,3],"texture":"#1"}}},{"from":[6.475,5,-0.5],"to":[9.475,5,2.5],"rotation":{"angle":-45,"axis":"x","origin":[8,5,1]},"faces":{"north":{"uv":[0,0,3,0],"texture":"#missing"},"east":{"uv":[0,0,3,0],"texture":"#missing"},"south":{"uv":[0,0,3,0],"texture":"#missing"},"west":{"uv":[0,0,3,0],"texture":"#missing"},"up":{"uv":[3,3,6,6],"texture":"#1"},"down":{"uv":[3,3,6,6],"texture":"#1"}}},{"from":[6.475,5,-0.5],"to":[6.475,8,2.5],"rotation":{"angle":-45,"axis":"x","origin":[8,5,1]},"faces":{"north":{"uv":[0,0,0,3],"texture":"#missing"},"east":{"uv":[0,3,3,6],"texture":"#1"},"south":{"uv":[0,0,0,3],"texture":"#missing"},"west":{"uv":[0,3,3,6],"texture":"#1"},"up":{"uv":[3,3,3,6],"texture":"#1"},"down":{"uv":[3,3,3,6],"texture":"#1"}}},{"from":[9.475,5,-0.5],"to":[9.475,8,2.5],"rotation":{"angle":-45,"axis":"x","origin":[8,5,1]},"faces":{"north":{"uv":[0,0,0,3],"texture":"#missing"},"east":{"uv":[6,3,9,6],"texture":"#1"},"south":{"uv":[0,0,0,3],"texture":"#missing"},"west":{"uv":[6,3,9,6],"texture":"#1"},"up":{"uv":[3,3,3,6],"texture":"#1"},"down":{"uv":[3,3,3,6],"texture":"#1"}}},{"from":[6.475,5,-0.5],"to":[9.475,8,-0.5],"rotation":{"angle":-45,"axis":"x","origin":[8,5,1]},"faces":{"north":{"uv":[3,0,6,3],"texture":"#1"},"east":{"uv":[0,0,0,3],"texture":"#missing"},"south":{"uv":[3,0,6,3],"texture":"#1"},"west":{"uv":[0,0,0,3],"texture":"#missing"},"up":{"uv":[3,3,6,3],"texture":"#1"},"down":{"uv":[3,3,6,3],"texture":"#1"}}},{"from":[6.475,5,2.5],"to":[9.475,8,2.5],"rotation":{"angle":-45,"axis":"x","origin":[8,5,1]},"faces":{"north":{"uv":[3,6,6,9],"texture":"#1"},"east":{"uv":[0,0,0,3],"texture":"#missing"},"south":{"uv":[3,6,6,9],"texture":"#1"},"west":{"uv":[0,0,0,3],"texture":"#missing"},"up":{"uv":[3,3,6,3],"texture":"#1"},"down":{"uv":[3,3,6,3],"texture":"#1"}}},{"from":[12.5,4,5.475],"to":[15.5,4,8.475],"rotation":{"angle":-45,"axis":"z","origin":[14,4,7]},"faces":{"north":{"uv":[0,0,3,0],"texture":"#missing"},"east":{"uv":[0,0,3,0],"texture":"#missing"},"south":{"uv":[0,0,3,0],"texture":"#missing"},"west":{"uv":[0,0,3,0],"texture":"#missing"},"up":{"uv":[3,3,6,6],"texture":"#1"},"down":{"uv":[3,3,6,6],"texture":"#1"}}},{"from":[12.5,4,5.475],"to":[12.5,7,8.475],"rotation":{"angle":-45,"axis":"z","origin":[14,4,7]},"faces":{"north":{"uv":[0,0,0,3],"texture":"#missing"},"east":{"uv":[0,3,3,6],"texture":"#1"},"south":{"uv":[0,0,0,3],"texture":"#missing"},"west":{"uv":[0,3,3,6],"texture":"#1"},"up":{"uv":[3,3,3,6],"texture":"#1"},"down":{"uv":[3,3,3,6],"texture":"#1"}}},{"from":[15.5,4,5.475],"to":[15.5,7,8.475],"rotation":{"angle":-45,"axis":"z","origin":[14,4,7]},"faces":{"north":{"uv":[0,0,0,3],"texture":"#missing"},"east":{"uv":[6,3,9,6],"texture":"#1"},"south":{"uv":[0,0,0,3],"texture":"#missing"},"west":{"uv":[6,3,9,6],"texture":"#1"},"up":{"uv":[3,3,3,6],"texture":"#1"},"down":{"uv":[3,3,3,6],"texture":"#1"}}},{"from":[12.5,4,5.475],"to":[15.5,7,5.475],"rotation":{"angle":-45,"axis":"z","origin":[14,4,7]},"faces":{"north":{"uv":[3,0,6,3],"texture":"#1"},"east":{"uv":[0,0,0,3],"texture":"#missing"},"south":{"uv":[3,0,6,3],"texture":"#1"},"west":{"uv":[0,0,0,3],"texture":"#missing"},"up":{"uv":[3,3,6,3],"texture":"#1"},"down":{"uv":[3,3,6,3],"texture":"#1"}}},{"from":[12.5,4,8.475],"to":[15.5,7,8.475],"rotation":{"angle":-45,"axis":"z","origin":[14,4,7]},"faces":{"north":{"uv":[3,6,6,9],"texture":"#1"},"east":{"uv":[0,0,0,3],"texture":"#missing"},"south":{"uv":[3,6,6,9],"texture":"#1"},"west":{"uv":[0,0,0,3],"texture":"#missing"},"up":{"uv":[3,3,6,3],"texture":"#1"},"down":{"uv":[3,3,6,3],"texture":"#1"}}},{"from":[8.5,9,5.475],"to":[11.5,9,8.475],"rotation":{"angle":-45,"axis":"z","origin":[10,9,7]},"faces":{"north":{"uv":[0,0,3,0],"texture":"#missing"},"east":{"uv":[0,0,3,0],"texture":"#missing"},"south":{"uv":[0,0,3,0],"texture":"#missing"},"west":{"uv":[0,0,3,0],"texture":"#missing"},"up":{"uv":[3,3,6,6],"texture":"#1"},"down":{"uv":[3,3,6,6],"texture":"#1"}}},{"from":[8.5,9,5.475],"to":[8.5,12,8.475],"rotation":{"angle":-45,"axis":"z","origin":[10,9,7]},"faces":{"north":{"uv":[0,0,0,3],"texture":"#missing"},"east":{"uv":[0,3,3,6],"texture":"#1"},"south":{"uv":[0,0,0,3],"texture":"#missing"},"west":{"uv":[0,3,3,6],"texture":"#1"},"up":{"uv":[3,3,3,6],"texture":"#1"},"down":{"uv":[3,3,3,6],"texture":"#1"}}},{"from":[11.5,9,5.475],"to":[11.5,12,8.475],"rotation":{"angle":-45,"axis":"z","origin":[10,9,7]},"faces":{"north":{"uv":[0,0,0,3],"texture":"#missing"},"east":{"uv":[6,3,9,6],"texture":"#1"},"south":{"uv":[0,0,0,3],"texture":"#missing"},"west":{"uv":[6,3,9,6],"texture":"#1"},"up":{"uv":[3,3,3,6],"texture":"#1"},"down":{"uv":[3,3,3,6],"texture":"#1"}}},{"from":[8.5,9,5.475],"to":[11.5,12,5.475],"rotation":{"angle":-45,"axis":"z","origin":[10,9,7]},"faces":{"north":{"uv":[3,0,6,3],"texture":"#1"},"east":{"uv":[0,0,0,3],"texture":"#missing"},"south":{"uv":[3,0,6,3],"texture":"#1"},"west":{"uv":[0,0,0,3],"texture":"#missing"},"up":{"uv":[3,3,6,3],"texture":"#1"},"down":{"uv":[3,3,6,3],"texture":"#1"}}},{"from":[8.5,9,8.475],"to":[11.5,12,8.475],"rotation":{"angle":-45,"axis":"z","origin":[10,9,7]},"faces":{"north":{"uv":[3,6,6,9],"texture":"#1"},"east":{"uv":[0,0,0,3],"texture":"#missing"},"south":{"uv":[3,6,6,9],"texture":"#1"},"west":{"uv":[0,0,0,3],"texture":"#missing"},"up":{"uv":[3,3,6,3],"texture":"#1"},"down":{"uv":[3,3,6,3],"texture":"#1"}}},{"from":[3.525,7,6.5],"to":[6.525,7,9.5],"rotation":{"angle":22.5,"axis":"z","origin":[5,7,8]},"faces":{"north":{"uv":[0,0,3,0],"texture":"#missing"},"east":{"uv":[0,0,3,0],"texture":"#missing"},"south":{"uv":[0,0,3,0],"texture":"#missing"},"west":{"uv":[0,0,3,0],"texture":"#missing"},"up":{"uv":[3,3,6,6],"texture":"#1"},"down":{"uv":[3,3,6,6],"texture":"#1"}}},{"from":[3.525,7,6.5],"to":[3.525,10,9.5],"rotation":{"angle":22.5,"axis":"z","origin":[5,7,8]},"faces":{"north":{"uv":[0,0,0,3],"texture":"#missing"},"east":{"uv":[0,3,3,6],"texture":"#1"},"south":{"uv":[0,0,0,3],"texture":"#missing"},"west":{"uv":[0,3,3,6],"texture":"#1"},"up":{"uv":[3,3,3,6],"texture":"#1"},"down":{"uv":[3,3,3,6],"texture":"#1"}}},{"from":[6.525,7,6.5],"to":[6.525,10,9.5],"rotation":{"angle":22.5,"axis":"z","origin":[5,7,8]},"faces":{"north":{"uv":[0,0,0,3],"texture":"#missing"},"east":{"uv":[6,3,9,6],"texture":"#1"},"south":{"uv":[0,0,0,3],"texture":"#missing"},"west":{"uv":[6,3,9,6],"texture":"#1"},"up":{"uv":[3,3,3,6],"texture":"#1"},"down":{"uv":[3,3,3,6],"texture":"#1"}}},{"from":[3.525,7,6.5],"to":[6.525,10,6.5],"rotation":{"angle":22.5,"axis":"z","origin":[5,7,8]},"faces":{"north":{"uv":[3,0,6,3],"texture":"#1"},"east":{"uv":[0,0,0,3],"texture":"#missing"},"south":{"uv":[3,0,6,3],"texture":"#1"},"west":{"uv":[0,0,0,3],"texture":"#missing"},"up":{"uv":[3,3,6,3],"texture":"#1"},"down":{"uv":[3,3,6,3],"texture":"#1"}}},{"from":[3.525,7,9.5],"to":[6.525,10,9.5],"rotation":{"angle":22.5,"axis":"z","origin":[5,7,8]},"faces":{"north":{"uv":[3,6,6,9],"texture":"#1"},"east":{"uv":[0,0,0,3],"texture":"#missing"},"south":{"uv":[3,6,6,9],"texture":"#1"},"west":{"uv":[0,0,0,3],"texture":"#missing"},"up":{"uv":[3,3,6,3],"texture":"#1"},"down":{"uv":[3,3,6,3],"texture":"#1"}}},{"from":[-0.475,4,6.5],"to":[2.525,4,9.5],"rotation":{"angle":22.5,"axis":"z","origin":[1,4,8]},"faces":{"north":{"uv":[0,0,3,0],"texture":"#missing"},"east":{"uv":[0,0,3,0],"texture":"#missing"},"south":{"uv":[0,0,3,0],"texture":"#missing"},"west":{"uv":[0,0,3,0],"texture":"#missing"},"up":{"uv":[3,3,6,6],"texture":"#1"},"down":{"uv":[3,3,6,6],"texture":"#1"}}},{"from":[-0.475,4,6.5],"to":[-0.475,7,9.5],"rotation":{"angle":22.5,"axis":"z","origin":[1,4,8]},"faces":{"north":{"uv":[0,0,0,3],"texture":"#missing"},"east":{"uv":[0,3,3,6],"texture":"#1"},"south":{"uv":[0,0,0,3],"texture":"#missing"},"west":{"uv":[0,3,3,6],"texture":"#1"},"up":{"uv":[3,3,3,6],"texture":"#1"},"down":{"uv":[3,3,3,6],"texture":"#1"}}},{"from":[2.525,4,6.5],"to":[2.525,7,9.5],"rotation":{"angle":22.5,"axis":"z","origin":[1,4,8]},"faces":{"north":{"uv":[0,0,0,3],"texture":"#missing"},"east":{"uv":[6,3,9,6],"texture":"#1"},"south":{"uv":[0,0,0,3],"texture":"#missing"},"west":{"uv":[6,3,9,6],"texture":"#1"},"up":{"uv":[3,3,3,6],"texture":"#1"},"down":{"uv":[3,3,3,6],"texture":"#1"}}},{"from":[-0.475,4,6.5],"to":[2.525,7,6.5],"rotation":{"angle":22.5,"axis":"z","origin":[1,4,8]},"faces":{"north":{"uv":[3,0,6,3],"texture":"#1"},"east":{"uv":[0,0,0,3],"texture":"#missing"},"south":{"uv":[3,0,6,3],"texture":"#1"},"west":{"uv":[0,0,0,3],"texture":"#missing"},"up":{"uv":[3,3,6,3],"texture":"#1"},"down":{"uv":[3,3,6,3],"texture":"#1"}}},{"from":[-0.475,4,9.5],"to":[2.525,7,9.5],"rotation":{"angle":22.5,"axis":"z","origin":[1,4,8]},"faces":{"north":{"uv":[3,6,6,9],"texture":"#1"},"east":{"uv":[0,0,0,3],"texture":"#missing"},"south":{"uv":[3,6,6,9],"texture":"#1"},"west":{"uv":[0,0,0,3],"texture":"#missing"},"up":{"uv":[3,3,6,3],"texture":"#1"},"down":{"uv":[3,3,6,3],"texture":"#1"}}}]}