{"credit":"Made with Blockbench by Valdr687","ambientocclusion":false,"textures":{"1":"block/pitcher_crop_side","2":"block/pitcher_crop_top","3":"block/pitcher_crop_bottom","4":"block/pitcher_crop_bottom_stage_3_part2","5":"block/pitcher_crop_bottom_stage_3_part3","particle":"block/pitcher_crop_side","stage_3_bottom":"block/pitcher_crop_bottom_stage_3_part1"},"elements":[{"from":[7,5,7],"to":[9,15.975,9],"shade":false,"faces":{"north":{"uv":[7,0,9,11],"texture":"#stage_3_bottom"},"east":{"uv":[7,0,9,11],"texture":"#stage_3_bottom"},"south":{"uv":[7,0,9,11],"texture":"#stage_3_bottom"},"west":{"uv":[7,0,9,11],"texture":"#stage_3_bottom"},"up":{"uv":[7,0,9,2],"rotation":270,"texture":"#stage_3_bottom"}}},{"from":[3.025,-1,3.025],"to":[13.025,5,13.025],"faces":{"north":{"uv":[3,10,13,16],"texture":"#1"},"east":{"uv":[3,10,13,16],"texture":"#1"},"south":{"uv":[3,10,13,16],"texture":"#1"},"west":{"uv":[3,10,13,16],"texture":"#1"},"up":{"uv":[3,3,13,13],"texture":"#2"},"down":{"uv":[3,3,13,13],"texture":"#3"}}},{"from":[0,5,8],"to":[16,5,19],"shade":false,"rotation":{"angle":-22.5,"axis":"x","origin":[8,5,8]},"faces":{"up":{"uv":[0,0,16,11],"rotation":180,"texture":"#4"},"down":{"uv":[0,0,16,11],"texture":"#4"}}},{"from":[0,5,-3],"to":[16,5,8],"shade":false,"rotation":{"angle":22.5,"axis":"x","origin":[8,5,8]},"faces":{"up":{"uv":[0,0,16,11],"texture":"#4"},"down":{"uv":[0,0,16,11],"rotation":180,"texture":"#4"}}},{"from":[8,5,0],"to":[19,5,16],"shade":false,"rotation":{"angle":22.5,"axis":"z","origin":[8,5,8]},"faces":{"up":{"uv":[0,0,16,11],"rotation":90,"texture":"#4"},"down":{"uv":[0,0,16,11],"rotation":90,"texture":"#4"}}},{"from":[-3,5,0],"to":[8,5,16],"shade":false,"rotation":{"angle":-22.5,"axis":"z","origin":[8,5,8]},"faces":{"up":{"uv":[0,0,16,11],"rotation":270,"texture":"#4"},"down":{"uv":[0,0,16,11],"rotation":270,"texture":"#4"}}},{"from":[0,7,8],"to":[16,7,17],"shade":false,"rotation":{"angle":-45,"axis":"x","origin":[8,7,8]},"faces":{"up":{"uv":[0,0,16,9],"rotation":180,"texture":"#5"},"down":{"uv":[0,0,16,9],"texture":"#5"}}},{"from":[0,7,-1],"to":[16,7,8],"shade":false,"rotation":{"angle":45,"axis":"x","origin":[8,7,8]},"faces":{"up":{"uv":[0,0,16,9],"texture":"#5"},"down":{"uv":[0,0,16,9],"rotation":180,"texture":"#5"}}},{"from":[8,7,0],"to":[17,7,16],"shade":false,"rotation":{"angle":45,"axis":"z","origin":[8,7,8]},"faces":{"up":{"uv":[0,0,16,9],"rotation":90,"texture":"#5"},"down":{"uv":[0,0,16,9],"rotation":90,"texture":"#5"}}},{"from":[-1,7,0],"to":[8,7,16],"shade":false,"rotation":{"angle":-45,"axis":"z","origin":[8,7,8]},"faces":{"up":{"uv":[0,0,16,9],"rotation":270,"texture":"#5"},"down":{"uv":[0,0,16,9],"rotation":270,"texture":"#5"}}}]}