{"credit":"Made with Blockbench by Valdr687","ambientocclusion":false,"textures":{"4":"block/pitcher_crop_bottom_stage_3_part2","5":"block/pitcher_crop_bottom_stage_3_part3","7":"block/pitcher_crop_top_stage_4_part1","stage_3_bottom":"block/pitcher_crop_bottom_stage_3_part1","particle":"block/pitcher_crop_top_stage_4"},"elements":[{"from":[7,0,7],"to":[9,9,9],"shade":false,"faces":{"north":{"uv":[7,2,9,11],"texture":"#stage_3_bottom"},"east":{"uv":[7,2,9,11],"texture":"#stage_3_bottom"},"south":{"uv":[7,2,9,11],"texture":"#stage_3_bottom"},"west":{"uv":[7,2,9,11],"texture":"#stage_3_bottom"}}},{"from":[6,9,6],"to":[10,9,10],"shade":false,"faces":{"up":{"uv":[1,0,5,4],"rotation":270,"texture":"#7"},"down":{"uv":[1,0,5,4],"rotation":90,"texture":"#7"}}},{"from":[10,9,6],"to":[10,11,10],"shade":false,"rotation":{"angle":-45,"axis":"z","origin":[10,9,8]},"faces":{"east":{"uv":[4,2,8,4],"texture":"#7"},"west":{"uv":[4,2,8,4],"rotation":180,"texture":"#7"}}},{"from":[4,9,6],"to":[6,9,10],"shade":false,"rotation":{"angle":-45,"axis":"z","origin":[6,9,8]},"faces":{"up":{"uv":[5,1,9,3],"rotation":270,"texture":"#7"},"down":{"uv":[5,1,9,3],"rotation":90,"texture":"#7"}}},{"from":[6,9,4],"to":[10,9,6],"shade":false,"rotation":{"angle":45,"axis":"x","origin":[8,9,6]},"faces":{"up":{"uv":[1,0,3,4],"rotation":270,"texture":"#7"},"down":{"uv":[1,0,3,4],"rotation":90,"texture":"#7"}}},{"from":[6,9,10],"to":[10,9,12],"shade":false,"rotation":{"angle":-45,"axis":"x","origin":[8,9,10]},"faces":{"up":{"uv":[6,0,8,4],"rotation":270,"texture":"#7"},"down":{"uv":[6,0,8,4],"rotation":90,"texture":"#7"}}},{"from":[0,0,8],"to":[16,0,19],"shade":false,"rotation":{"angle":-22.5,"axis":"x","origin":[8,0,8]},"faces":{"up":{"uv":[0,0,16,11],"rotation":180,"texture":"#4"},"down":{"uv":[0,0,16,11],"texture":"#4"}}},{"from":[0,0,-3],"to":[16,0,8],"shade":false,"rotation":{"angle":22.5,"axis":"x","origin":[8,0,8]},"faces":{"up":{"uv":[0,0,16,11],"texture":"#4"},"down":{"uv":[0,0,16,11],"rotation":180,"texture":"#4"}}},{"from":[8,0,0],"to":[19,0,16],"shade":false,"rotation":{"angle":22.5,"axis":"z","origin":[8,0,8]},"faces":{"up":{"uv":[0,0,16,11],"rotation":90,"texture":"#4"},"down":{"uv":[0,0,16,11],"rotation":90,"texture":"#4"}}},{"from":[-3,0,0],"to":[8,0,16],"shade":false,"rotation":{"angle":-22.5,"axis":"z","origin":[8,0,8]},"faces":{"up":{"uv":[0,0,16,11],"rotation":270,"texture":"#4"},"down":{"uv":[0,0,16,11],"rotation":270,"texture":"#4"}}},{"from":[0,2,8],"to":[16,2,17],"shade":false,"rotation":{"angle":-45,"axis":"x","origin":[8,2,8]},"faces":{"up":{"uv":[0,0,16,9],"rotation":180,"texture":"#5"},"down":{"uv":[0,0,16,9],"texture":"#5"}}},{"from":[0,2,-1],"to":[16,2,8],"shade":false,"rotation":{"angle":45,"axis":"x","origin":[8,2,8]},"faces":{"up":{"uv":[0,0,16,9],"texture":"#5"},"down":{"uv":[0,0,16,9],"rotation":180,"texture":"#5"}}},{"from":[8,2,0],"to":[17,2,16],"shade":false,"rotation":{"angle":45,"axis":"z","origin":[8,2,8]},"faces":{"up":{"uv":[0,0,16,9],"rotation":90,"texture":"#5"},"down":{"uv":[0,0,16,9],"rotation":90,"texture":"#5"}}},{"from":[-1,2,0],"to":[8,2,16],"shade":false,"rotation":{"angle":-45,"axis":"z","origin":[8,2,8]},"faces":{"up":{"uv":[0,0,16,9],"rotation":270,"texture":"#5"},"down":{"uv":[0,0,16,9],"rotation":270,"texture":"#5"}}}]}