{"credit":"Made with Blockbench by Valdr687","ambientocclusion":false,"textures":{"4":"block/pitcher_crop_bottom_stage_3_part2","5":"block/pitcher_crop_bottom_stage_3_part3","6":"block/pitcher_crop_side","7":"block/pitcher_crop_top_stage_4_part1","pitcher_bottom":"block/pitcher_crop_bottom","stage_3_bottom":"block/pitcher_crop_bottom_stage_3_part1","particle":"block/pitcher_crop_top","pitcher_top":"block/pitcher_crop_top"},"elements":[{"from":[3.025,-1,3.025],"to":[13.025,5,13.025],"faces":{"north":{"uv":[3,10,13,16],"texture":"#6"},"east":{"uv":[3,10,13,16],"texture":"#6"},"south":{"uv":[3,10,13,16],"texture":"#6"},"west":{"uv":[3,10,13,16],"texture":"#6"},"up":{"uv":[3,3,13,13],"texture":"#pitcher_top"},"down":{"uv":[3,3,13,13],"texture":"#pitcher_bottom"}}},{"from":[7,5,7],"to":[9,14,9],"shade":false,"faces":{"north":{"uv":[7,2,9,11],"texture":"#stage_3_bottom"},"east":{"uv":[7,2,9,11],"texture":"#stage_3_bottom"},"south":{"uv":[7,2,9,11],"texture":"#stage_3_bottom"},"west":{"uv":[7,2,9,11],"texture":"#stage_3_bottom"}}},{"from":[6,14,6],"to":[10,14,10],"shade":false,"faces":{"up":{"uv":[1,0,5,4],"rotation":270,"texture":"#7"},"down":{"uv":[1,0,5,4],"rotation":90,"texture":"#7"}}},{"from":[10,14,6],"to":[10,16,10],"shade":false,"rotation":{"angle":-45,"axis":"z","origin":[10,14,8]},"faces":{"east":{"uv":[4,2,8,4],"texture":"#7"},"west":{"uv":[4,2,8,4],"rotation":180,"texture":"#7"}}},{"from":[4,14,6],"to":[6,14,10],"shade":false,"rotation":{"angle":-45,"axis":"z","origin":[6,14,8]},"faces":{"up":{"uv":[5,1,9,3],"rotation":270,"texture":"#7"},"down":{"uv":[5,1,9,3],"rotation":90,"texture":"#7"}}},{"from":[6,14,4],"to":[10,14,6],"shade":false,"rotation":{"angle":45,"axis":"x","origin":[8,14,6]},"faces":{"up":{"uv":[1,0,3,4],"rotation":270,"texture":"#7"},"down":{"uv":[1,0,3,4],"rotation":90,"texture":"#7"}}},{"from":[6,14,10],"to":[10,14,12],"shade":false,"rotation":{"angle":-45,"axis":"x","origin":[8,14,10]},"faces":{"up":{"uv":[6,0,8,4],"rotation":270,"texture":"#7"},"down":{"uv":[6,0,8,4],"rotation":90,"texture":"#7"}}},{"from":[0,5,8],"to":[16,5,19],"shade":false,"rotation":{"angle":-22.5,"axis":"x","origin":[8,5,8]},"faces":{"up":{"uv":[0,0,16,11],"rotation":180,"texture":"#4"},"down":{"uv":[0,0,16,11],"texture":"#4"}}},{"from":[0,5,-3],"to":[16,5,8],"shade":false,"rotation":{"angle":22.5,"axis":"x","origin":[8,5,8]},"faces":{"up":{"uv":[0,0,16,11],"texture":"#4"},"down":{"uv":[0,0,16,11],"rotation":180,"texture":"#4"}}},{"from":[8,5,0],"to":[19,5,16],"shade":false,"rotation":{"angle":22.5,"axis":"z","origin":[8,5,8]},"faces":{"up":{"uv":[0,0,16,11],"rotation":90,"texture":"#4"},"down":{"uv":[0,0,16,11],"rotation":90,"texture":"#4"}}},{"from":[-3,5,0],"to":[8,5,16],"shade":false,"rotation":{"angle":-22.5,"axis":"z","origin":[8,5,8]},"faces":{"up":{"uv":[0,0,16,11],"rotation":270,"texture":"#4"},"down":{"uv":[0,0,16,11],"rotation":270,"texture":"#4"}}},{"from":[0,7,8],"to":[16,7,17],"shade":false,"rotation":{"angle":-45,"axis":"x","origin":[8,7,8]},"faces":{"up":{"uv":[0,0,16,9],"rotation":180,"texture":"#5"},"down":{"uv":[0,0,16,9],"texture":"#5"}}},{"from":[0,7,-1],"to":[16,7,8],"shade":false,"rotation":{"angle":45,"axis":"x","origin":[8,7,8]},"faces":{"up":{"uv":[0,0,16,9],"texture":"#5"},"down":{"uv":[0,0,16,9],"rotation":180,"texture":"#5"}}},{"from":[8,7,0],"to":[17,7,16],"shade":false,"rotation":{"angle":45,"axis":"z","origin":[8,7,8]},"faces":{"up":{"uv":[0,0,16,9],"rotation":90,"texture":"#5"},"down":{"uv":[0,0,16,9],"rotation":90,"texture":"#5"}}},{"from":[-1,7,0],"to":[8,7,16],"shade":false,"rotation":{"angle":-45,"axis":"z","origin":[8,7,8]},"faces":{"up":{"uv":[0,0,16,9],"rotation":270,"texture":"#5"},"down":{"uv":[0,0,16,9],"rotation":270,"texture":"#5"}}}]}