{"credit":"Made with Blockbench by Valdr687","ambientocclusion":false,"textures":{"2":"block/pitcher_crop_bottom_stage_3_part1","stage_3_top":"block/pitcher_crop_top_stage_3","particle":"block/pitcher_crop_top"},"elements":[{"from":[0,0,8],"to":[16,16,8],"shade":false,"rotation":{"angle":45,"axis":"y","origin":[8,16,8]},"faces":{"north":{"uv":[0,0,16,16],"texture":"#stage_3_top"},"south":{"uv":[0,0,16,16],"texture":"#stage_3_top"}}},{"from":[0,0,8],"to":[16,16,8],"shade":false,"rotation":{"angle":-45,"axis":"y","origin":[8,16,8]},"faces":{"north":{"uv":[0,0,16,16],"texture":"#stage_3_top"},"south":{"uv":[0,0,16,16],"texture":"#stage_3_top"}}},{"from":[10,0,6],"to":[10,4,10],"shade":false,"rotation":{"angle":-22.5,"axis":"z","origin":[10,0,8]},"faces":{"north":{"uv":[6,0,10,1],"rotation":90,"texture":"#2"},"east":{"uv":[11,0,15,4],"rotation":90,"texture":"#2"},"south":{"uv":[6,0,10,1],"rotation":270,"texture":"#2"},"west":{"uv":[11,0,15,4],"rotation":90,"texture":"#2"},"up":{"uv":[6,0,10,1],"rotation":270,"texture":"#2"},"down":{"uv":[6,0,10,1],"rotation":270,"texture":"#2"}}},{"from":[6,0,6],"to":[10,4,6],"shade":false,"rotation":{"angle":-22.5,"axis":"x","origin":[8,0,6]},"faces":{"north":{"uv":[11,0,15,4],"rotation":90,"texture":"#2"},"east":{"uv":[6,0,10,1],"rotation":90,"texture":"#2"},"south":{"uv":[11,0,15,4],"rotation":90,"texture":"#2"},"west":{"uv":[6,0,10,1],"rotation":270,"texture":"#2"},"up":{"uv":[6,0,10,1],"texture":"#2"},"down":{"uv":[6,0,10,1],"rotation":180,"texture":"#2"}}},{"from":[6,0,6],"to":[10,0,10],"shade":false,"faces":{"north":{"uv":[6,0,10,1],"texture":"#2"},"east":{"uv":[6,0,10,1],"texture":"#2"},"south":{"uv":[6,0,10,1],"texture":"#2"},"west":{"uv":[6,0,10,1],"texture":"#2"},"up":{"uv":[11,0,15,4],"rotation":270,"texture":"#2"},"down":{"uv":[11,0,15,4],"rotation":90,"texture":"#2"}}},{"from":[6,0,6],"to":[6,4,10],"shade":false,"rotation":{"angle":22.5,"axis":"z","origin":[6,0,8]},"faces":{"north":{"uv":[6,0,10,1],"rotation":90,"texture":"#2"},"east":{"uv":[11,0,15,4],"rotation":90,"texture":"#2"},"south":{"uv":[6,0,10,1],"rotation":270,"texture":"#2"},"west":{"uv":[11,0,15,4],"rotation":90,"texture":"#2"},"up":{"uv":[6,0,10,1],"rotation":270,"texture":"#2"},"down":{"uv":[6,0,10,1],"rotation":270,"texture":"#2"}}},{"from":[6,0,10],"to":[10,4,10],"shade":false,"rotation":{"angle":22.5,"axis":"x","origin":[8,0,10]},"faces":{"north":{"uv":[11,11,15,15],"rotation":90,"texture":"#2"},"east":{"uv":[6,0,10,1],"rotation":90,"texture":"#2"},"south":{"uv":[11,0,15,4],"rotation":90,"texture":"#2"},"west":{"uv":[6,0,10,1],"rotation":270,"texture":"#2"},"up":{"uv":[6,0,10,1],"texture":"#2"},"down":{"uv":[6,0,10,1],"rotation":180,"texture":"#2"}}}]}