{"credit":"Made with Blockbench by Valdr687","ambientocclusion":false,"textures":{"stage_4_top":"block/pitcher_crop_top_stage_4","particle":"block/pitcher_crop_top"},"elements":[{"from":[8,-2,0],"to":[8,14,16],"shade":false,"rotation":{"angle":45,"axis":"y","origin":[8,0,8]},"faces":{"east":{"uv":[0,0,16,16],"texture":"#stage_4_top"},"west":{"uv":[0,0,16,16],"texture":"#stage_4_top"}}},{"from":[0,-2,8],"to":[16,14,8],"shade":false,"rotation":{"angle":45,"axis":"y","origin":[8,0,8]},"faces":{"north":{"uv":[0,0,16,16],"texture":"#stage_4_top"},"south":{"uv":[0,0,16,16],"texture":"#stage_4_top"}}}]}