{
	"credit": "Made with Blockbench",
	"textures": {
		"0": "block/spruce_door_top",
		"1": "block/spruce_door_handle",
		"particle": "block/spruce_door_top"
	},
	"elements": [
		{
			"name": "Element",
			"from": [0, 0, 0],
			"to": [3, 16, 16],
			"faces": {
				"north": {"uv": [15.25, 0, 15.75, 16], "texture": "#0", "cullface": "north"},
				"east": {"uv": [0, 0, 16, 16], "texture": "#0"},
				"south": {"uv": [0.25, 0, 0.75, 16], "texture": "#0", "cullface": "south"},
				"west": {"uv": [16, 0, 0, 16], "texture": "#0", "cullface": "west"},
				"up": {"uv": [0, 0.25, 16, 0.75], "rotation": 270, "texture": "#0", "cullface": "up"}
			}
		},
		{
			"name": "Element",
			"from": [-0.5, 0, 2],
			"to": [0, 1, 3],
			"faces": {
				"north": {"uv": [0, 4, 2, 8], "texture": "#1", "cullface": "west"},
				"south": {"uv": [2, 4, 4, 8], "texture": "#1", "cullface": "west"},
				"west": {"uv": [0, 4, 4, 8], "texture": "#1", "cullface": "west"},
				"up": {"uv": [0, 4, 4, 6], "rotation": 180, "texture": "#1", "cullface": "west"}
			}
		},
		{
			"name": "Element",
			"from": [3, 1, 3],
			"to": [3.5, 2, 5],
			"faces": {
				"north": {"uv": [10, 0, 12, 4], "texture": "#1"},
				"east": {"uv": [4, 0, 12, 4], "texture": "#1"},
				"south": {"uv": [4, 0, 6, 4], "texture": "#1"},
				"up": {"uv": [4, 0, 12, 2], "rotation": 180, "texture": "#1"},
				"down": {"uv": [4, 2, 12, 4], "rotation": 180, "texture": "#1"}
			}
		},
		{
			"name": "Element",
			"from": [3, 0, 2],
			"to": [3.5, 1, 3],
			"faces": {
				"north": {"uv": [14, 4, 16, 8], "texture": "#1"},
				"east": {"uv": [12, 4, 16, 8], "texture": "#1"},
				"south": {"uv": [12, 4, 14, 8], "texture": "#1"},
				"up": {"uv": [12, 4, 16, 6], "rotation": 180, "texture": "#1"}
			}
		},
		{
			"name": "Element",
			"from": [3, 0, 5],
			"to": [3.5, 1, 6],
			"faces": {
				"north": {"uv": [2, 4, 4, 8], "texture": "#1"},
				"east": {"uv": [0, 4, 4, 8], "texture": "#1"},
				"south": {"uv": [0, 4, 2, 8], "texture": "#1"},
				"up": {"uv": [0, 4, 4, 6], "rotation": 180, "texture": "#1"}
			}
		},
		{
			"name": "Element",
			"from": [-0.5, 0, 5],
			"to": [0, 1, 6],
			"faces": {
				"north": {"uv": [12, 4, 14, 8], "texture": "#1", "cullface": "west"},
				"south": {"uv": [14, 4, 16, 8], "texture": "#1", "cullface": "west"},
				"west": {"uv": [12, 4, 16, 8], "texture": "#1", "cullface": "west"},
				"up": {"uv": [12, 4, 16, 6], "rotation": 180, "texture": "#1", "cullface": "west"}
			}
		},
		{
			"name": "Element",
			"from": [-0.5, 1, 3],
			"to": [0, 2, 5],
			"faces": {
				"north": {"uv": [4, 0, 6, 4], "texture": "#1", "cullface": "west"},
				"south": {"uv": [10, 0, 12, 4], "texture": "#1", "cullface": "west"},
				"west": {"uv": [4, 0, 12, 4], "texture": "#1", "cullface": "west"},
				"up": {"uv": [4, 0, 12, 2], "rotation": 180, "texture": "#1", "cullface": "west"},
				"down": {"uv": [4, 2, 12, 4], "rotation": 180, "texture": "#1", "cullface": "west"}
			}
		}
	]
}