{
	"credit": "Made with Blockbench",
	"textures": {
		"0": "block/warped_trapdoor",
		"particle": "block/warped_trapdoor"
	},
	"elements": [
		{
			"name": "Element",
			"from": [0, 0, 13],
			"to": [16, 16, 16],
			"faces": {
				"north": {"uv": [0, 0, 16, 16], "rotation": 180, "texture": "#0"},
				"east": {"uv": [0.25, 0, 0.75, 16], "rotation": 180, "texture": "#0", "cullface": "east"},
				"south": {"uv": [0, 16, 16, 0], "texture": "#0", "cullface": "south"},
				"west": {"uv": [15.25, 0, 15.75, 16], "rotation": 180, "texture": "#0", "cullface": "west"},
				"up": {"uv": [0, 15.25, 16, 15.75], "rotation": 180, "texture": "#0", "cullface": "up"},
				"down": {"uv": [0, 0.25, 16, 0.75], "texture": "#0", "cullface": "down"}
			}
		},
		{
			"name": "Element",
			"from": [12, 12, 16],
			"to": [11, 10, 13],
			"faces": {
				"east": {"uv": [10.75, 10.25, 10.25, 11.75], "texture": "#0"},
				"down": {"uv": [11.25, 12.25, 11.75, 12.75], "texture": "#0"}
			}
		},
		{
			"name": "Element",
			"from": [12, 10, 16],
			"to": [11, 5, 13],
			"faces": {
				"east": {"uv": [10.75, 5.25, 10.25, 9.75], "texture": "#0"},
				"west": {"uv": [12.75, 5.25, 12.25, 9.75], "texture": "#0"}
			}
		},
		{
			"name": "Element",
			"from": [13, 12, 16],
			"to": [12, 10, 13],
			"faces": {
				"west": {"uv": [13.75, 10.25, 13.25, 11.75], "texture": "#0"},
				"up": {"uv": [12.25, 9.25, 12.75, 9.75], "texture": "#0"}
			}
		},
		{
			"name": "Element",
			"from": [13, 13, 16],
			"to": [12, 12, 13],
			"faces": {
				"east": {"uv": [11.75, 12.25, 11.25, 12.75], "texture": "#0"},
				"west": {"uv": [13.75, 12.25, 13.25, 12.75], "texture": "#0"},
				"down": {"uv": [12.25, 13.25, 12.75, 13.75], "texture": "#0"}
			}
		},
		{
			"name": "Element",
			"from": [11, 13, 16],
			"to": [10, 12, 13],
			"faces": {
				"east": {"uv": [9.75, 12.25, 9.25, 12.75], "texture": "#0"},
				"west": {"uv": [11.75, 12.25, 11.25, 12.75], "texture": "#0"},
				"up": {"uv": [10.25, 13.25, 10.75, 13.75], "texture": "#0"},
				"down": {"uv": [10.25, 11.25, 10.75, 11.75], "texture": "#0"}
			}
		},
		{
			"name": "Element",
			"from": [11, 5, 16],
			"to": [10, 4, 13],
			"faces": {
				"east": {"uv": [9.75, 4.25, 9.25, 4.75], "texture": "#0"},
				"up": {"uv": [10.25, 5.25, 10.75, 5.75], "texture": "#0"},
				"down": {"uv": [10.25, 3.25, 10.75, 3.75], "texture": "#0"}
			}
		},
		{
			"name": "Element",
			"from": [13, 5, 16],
			"to": [12, 4, 13],
			"faces": {
				"west": {"uv": [13.75, 4.25, 13.25, 4.75], "texture": "#0"},
				"down": {"uv": [12.25, 5.25, 12.75, 5.75], "texture": "#0"}
			}
		},
		{
			"name": "Element",
			"from": [13, 4, 16],
			"to": [11, 3, 13],
			"faces": {
				"east": {"uv": [10.75, 3.25, 10.25, 3.75], "texture": "#0"},
				"west": {"uv": [13.75, 3.25, 13.25, 3.75], "texture": "#0"},
				"up": {"uv": [11.25, 2.25, 12.75, 2.75], "texture": "#0"}
			}
		},
		{
			"name": "Element",
			"from": [7, 4, 16],
			"to": [6, 3, 13],
			"faces": {
				"east": {"uv": [5.75, 3.25, 5.25, 3.75], "texture": "#0"},
				"up": {"uv": [6.25, 2.25, 6.75, 2.75], "texture": "#0"},
				"down": {"uv": [6.25, 4.25, 6.75, 4.75], "texture": "#0"}
			}
		},
		{
			"name": "Element",
			"from": [7, 12, 16],
			"to": [6, 10, 13],
			"faces": {
				"east": {"uv": [5.75, 10.25, 5.25, 11.75], "texture": "#0"},
				"up": {"uv": [6.25, 9.25, 6.75, 9.75], "texture": "#0"},
				"down": {"uv": [6.25, 12.25, 6.75, 12.75], "texture": "#0"}
			}
		},
		{
			"name": "Element",
			"from": [8, 4, 16],
			"to": [7, 3, 13],
			"faces": {
				"west": {"uv": [8.25, 3.25, 8.75, 3.75], "rotation": 180, "texture": "#0"},
				"up": {"uv": [7.25, 2.25, 7.75, 2.75], "texture": "#0"}
			}
		},
		{
			"name": "Element",
			"from": [9, 13, 16],
			"to": [7, 12, 13],
			"faces": {
				"east": {"uv": [6.75, 12.25, 6.25, 12.75], "texture": "#0"},
				"west": {"uv": [9.25, 12.25, 9.75, 12.75], "rotation": 180, "texture": "#0"},
				"down": {"uv": [7.25, 13.25, 8.75, 13.75], "texture": "#0"}
			}
		},
		{
			"name": "Element",
			"from": [8, 10, 16],
			"to": [7, 4, 13],
			"faces": {
				"east": {"uv": [6.25, 4.25, 6.75, 9.75], "texture": "#0"}
			}
		},
		{
			"name": "Element",
			"from": [9, 7, 16],
			"to": [8, 4, 13],
			"faces": {
				"west": {"uv": [9.25, 4.25, 9.75, 6.75], "rotation": 180, "texture": "#0"},
				"up": {"uv": [8.25, 3.25, 8.75, 3.75], "texture": "#0"}
			}
		},
		{
			"name": "Element",
			"from": [9, 12, 16],
			"to": [8, 10, 13],
			"faces": {
				"west": {"uv": [9.25, 10.25, 9.75, 11.75], "rotation": 180, "texture": "#0"}
			}
		},
		{
			"name": "Element",
			"from": [10, 10, 16],
			"to": [9, 7, 13],
			"faces": {
				"west": {"uv": [10.25, 7.25, 10.75, 9.75], "rotation": 180, "texture": "#0"},
				"up": {"uv": [9.25, 6.25, 9.75, 6.75], "texture": "#0"},
				"down": {"uv": [9.25, 10.25, 9.75, 10.75], "texture": "#0"}
			}
		},
		{
			"name": "Element",
			"from": [4, 13, 16],
			"to": [3, 9, 13],
			"faces": {
				"east": {"uv": [2.25, 9.25, 2.75, 12.75], "texture": "#0"},
				"west": {"uv": [4.25, 9.25, 4.75, 12.75], "rotation": 180, "texture": "#0"},
				"down": {"uv": [3.25, 13.25, 3.75, 13.75], "texture": "#0"}
			}
		},
		{
			"name": "Element",
			"from": [4, 5, 16],
			"to": [3, 3, 13],
			"faces": {
				"east": {"uv": [2.25, 3.25, 2.75, 4.75], "texture": "#0"},
				"west": {"uv": [4.25, 3.25, 4.75, 4.75], "rotation": 180, "texture": "#0"},
				"up": {"uv": [3.25, 2.25, 3.75, 2.75], "texture": "#0"}
			}
		},
		{
			"name": "Element",
			"from": [6, 8, 16],
			"to": [5, 6, 13],
			"faces": {
				"west": {"uv": [6.25, 6.25, 6.75, 7.75], "rotation": 180, "texture": "#0"},
				"up": {"uv": [5.25, 5.25, 5.75, 5.75], "texture": "#0"},
				"down": {"uv": [5.25, 8.25, 5.75, 8.75], "texture": "#0"}
			}
		},
		{
			"name": "Element",
			"from": [5, 8, 16],
			"to": [4, 6, 13],
			"faces": {
				"east": {"uv": [3.25, 6.25, 3.75, 7.75], "texture": "#0"}
			}
		},
		{
			"name": "Element",
			"from": [4, 6, 16],
			"to": [3, 5, 13],
			"faces": {
				"east": {"uv": [2.25, 5.25, 2.75, 5.75], "texture": "#0"},
				"down": {"uv": [3.25, 6.25, 3.75, 6.75], "rotation": 270, "texture": "#0"}
			}
		},
		{
			"name": "Element",
			"from": [5, 9, 16],
			"to": [4, 8, 13],
			"faces": {
				"west": {"uv": [5.25, 8.25, 5.75, 8.75], "rotation": 180, "texture": "#0"},
				"down": {"uv": [4.25, 9.25, 4.75, 9.75], "rotation": 270, "texture": "#0"}
			}
		},
		{
			"name": "Element",
			"from": [5, 6, 16],
			"to": [4, 5, 13],
			"faces": {
				"west": {"uv": [5.25, 5.25, 5.75, 5.75], "rotation": 180, "texture": "#0"},
				"up": {"uv": [4.25, 4.25, 4.75, 4.75], "texture": "#0"}
			}
		},
		{
			"name": "Element",
			"from": [4, 9, 16],
			"to": [3, 8, 13],
			"faces": {
				"east": {"uv": [2.25, 8.25, 2.75, 8.75], "texture": "#0"},
				"up": {"uv": [3.25, 7.25, 3.75, 7.75], "texture": "#0"}
			}
		}
	]
}