{
	"credit": "Made with Blockbench",
	"textures": {
		"0": "block/warped_door_bottom",
		"1": "block/warped_door_handle",
		"particle": "block/warped_door_bottom"
	},
	"elements": [
		{
			"name": "Element",
			"from": [0, 0, 0],
			"to": [3, 16, 16],
			"faces": {
				"north": {"uv": [15.25, 0, 15.75, 16], "texture": "#0", "cullface": "north"},
				"east": {"uv": [0, 0, 16, 16], "texture": "#0"},
				"south": {"uv": [0.75, 0, 0.25, 16], "texture": "#0", "cullface": "south"},
				"west": {"uv": [16, 0, 0, 16], "texture": "#0", "cullface": "west"},
				"down": {"uv": [0, 15.25, 16, 15.75], "texture": "#0", "cullface": "down"}
			}
		},
		{
			"name": "Element",
			"from": [3, 15, 2],
			"to": [3.5, 16, 3],
			"faces": {
				"north": {"uv": [14, 8, 16, 12], "texture": "#1"},
				"east": {"uv": [12, 8, 16, 12], "texture": "#1"},
				"south": {"uv": [12, 8, 14, 12], "texture": "#1"},
				"up": {"uv": [0, 8, 4, 10], "texture": "#1"},
				"down": {"uv": [12, 10, 16, 12], "rotation": 180, "texture": "#1"}
			}
		},
		{
			"name": "Element",
			"from": [3, 15, 5],
			"to": [3.5, 16, 6],
			"faces": {
				"north": {"uv": [2, 8, 4, 12], "texture": "#1"},
				"east": {"uv": [0, 8, 4, 12], "texture": "#1"},
				"south": {"uv": [0, 8, 2, 12], "texture": "#1"},
				"up": {"uv": [0, 8, 4, 10], "texture": "#1"},
				"down": {"uv": [0, 10, 4, 12], "rotation": 180, "texture": "#1"}
			}
		},
		{
			"name": "Element",
			"from": [3, 14, 3],
			"to": [3.5, 15, 5],
			"faces": {
				"north": {"uv": [10, 12, 12, 16], "texture": "#1"},
				"east": {"uv": [4, 12, 12, 16], "texture": "#1"},
				"south": {"uv": [4, 12, 6, 16], "texture": "#1"},
				"up": {"uv": [4, 12, 12, 14], "rotation": 180, "texture": "#1"},
				"down": {"uv": [4, 14, 12, 16], "rotation": 180, "texture": "#1"}
			}
		},
		{
			"name": "Element",
			"from": [-0.5, 14, 3],
			"to": [0, 15, 5],
			"faces": {
				"north": {"uv": [4, 12, 6, 16], "texture": "#1", "cullface": "west"},
				"south": {"uv": [10, 12, 12, 16], "texture": "#1", "cullface": "west"},
				"west": {"uv": [4, 12, 12, 16], "texture": "#1", "cullface": "west"},
				"up": {"uv": [4, 12, 12, 14], "rotation": 180, "texture": "#1", "cullface": "west"},
				"down": {"uv": [4, 14, 12, 16], "rotation": 180, "texture": "#1", "cullface": "west"}
			}
		},
		{
			"name": "Element",
			"from": [-0.5, 15, 2],
			"to": [0, 16, 3],
			"faces": {
				"north": {"uv": [0, 8, 2, 12], "texture": "#1", "cullface": "west"},
				"south": {"uv": [2, 8, 4, 12], "texture": "#1", "cullface": "west"},
				"west": {"uv": [0, 8, 4, 12], "texture": "#1", "cullface": "west"},
				"up": {"uv": [0, 8, 4, 10], "texture": "#1"},
				"down": {"uv": [0, 10, 4, 12], "rotation": 180, "texture": "#1", "cullface": "west"}
			}
		},
		{
			"name": "Element",
			"from": [-0.5, 15, 5],
			"to": [0, 16, 6],
			"faces": {
				"north": {"uv": [12, 8, 14, 12], "texture": "#1", "cullface": "west"},
				"south": {"uv": [14, 8, 16, 12], "texture": "#1", "cullface": "west"},
				"west": {"uv": [12, 8, 16, 12], "texture": "#1", "cullface": "west"},
				"up": {"uv": [0, 8, 4, 10], "texture": "#1"},
				"down": {"uv": [12, 10, 16, 12], "rotation": 180, "texture": "#1", "cullface": "west"}
			}
		}
	]
}