{
	"credit": "Made with Blockbench",
	"textures": {
		"0": "block/warped_trapdoor",
		"particle": "block/warped_trapdoor"
	},
	"elements": [
		{
			"name": "Element",
			"from": [0, 13, 0],
			"to": [16, 16, 16],
			"faces": {
				"north": {"uv": [0, 15.25, 16, 15.75], "texture": "#0", "cullface": "north"},
				"east": {"uv": [0.25, 0, 0.75, 16], "rotation": 270, "texture": "#0", "cullface": "east"},
				"south": {"uv": [0, 0.25, 16, 0.75], "texture": "#0", "cullface": "south"},
				"west": {"uv": [15.25, 0, 15.75, 16], "rotation": 90, "texture": "#0", "cullface": "west"},
				"up": {"uv": [0, 16, 16, 0], "texture": "#0", "cullface": "up"},
				"down": {"uv": [0, 0, 16, 16], "texture": "#0"}
			}
		},
		{
			"name": "Element",
			"from": [12, 16, 11],
			"to": [11, 13, 6],
			"faces": {
				"east": {"uv": [10.75, 5.25, 10.25, 9.75], "rotation": 90, "texture": "#0"},
				"west": {"uv": [12.75, 5.25, 12.25, 9.75], "rotation": 270, "texture": "#0"}
			}
		},
		{
			"name": "Element",
			"from": [12, 16, 6],
			"to": [11, 13, 4],
			"faces": {
				"east": {"uv": [10.75, 10.25, 10.25, 11.75], "rotation": 90, "texture": "#0"},
				"south": {"uv": [11.25, 12.25, 11.75, 12.75], "texture": "#0"}
			}
		},
		{
			"name": "Element",
			"from": [13, 16, 6],
			"to": [12, 13, 4],
			"faces": {
				"north": {"uv": [12.25, 9.25, 12.75, 9.75], "rotation": 180, "texture": "#0"},
				"west": {"uv": [13.75, 10.25, 13.25, 11.75], "rotation": 270, "texture": "#0"}
			}
		},
		{
			"name": "Element",
			"from": [13, 16, 4],
			"to": [12, 13, 3],
			"faces": {
				"east": {"uv": [11.75, 12.25, 11.25, 12.75], "rotation": 90, "texture": "#0"},
				"south": {"uv": [12.25, 13.25, 12.75, 13.75], "texture": "#0"},
				"west": {"uv": [13.75, 12.25, 13.25, 12.75], "rotation": 270, "texture": "#0"}
			}
		},
		{
			"name": "Element",
			"from": [11, 16, 4],
			"to": [10, 13, 3],
			"faces": {
				"north": {"uv": [10.25, 13.25, 10.75, 13.75], "rotation": 180, "texture": "#0"},
				"east": {"uv": [9.75, 12.25, 9.25, 12.75], "rotation": 90, "texture": "#0"},
				"south": {"uv": [10.25, 11.25, 10.75, 11.75], "texture": "#0"},
				"west": {"uv": [11.75, 12.25, 11.25, 12.75], "rotation": 270, "texture": "#0"}
			}
		},
		{
			"name": "Element",
			"from": [11, 16, 12],
			"to": [10, 13, 11],
			"faces": {
				"north": {"uv": [10.25, 5.25, 10.75, 5.75], "rotation": 180, "texture": "#0"},
				"east": {"uv": [9.75, 4.25, 9.25, 4.75], "rotation": 90, "texture": "#0"},
				"south": {"uv": [10.25, 3.25, 10.75, 3.75], "texture": "#0"}
			}
		},
		{
			"name": "Element",
			"from": [13, 16, 12],
			"to": [12, 13, 11],
			"faces": {
				"south": {"uv": [12.25, 5.25, 12.75, 5.75], "texture": "#0"},
				"west": {"uv": [13.75, 4.25, 13.25, 4.75], "rotation": 270, "texture": "#0"}
			}
		},
		{
			"name": "Element",
			"from": [13, 16, 13],
			"to": [11, 13, 12],
			"faces": {
				"north": {"uv": [11.25, 2.25, 12.75, 2.75], "rotation": 180, "texture": "#0"},
				"east": {"uv": [10.75, 3.25, 10.25, 3.75], "rotation": 90, "texture": "#0"},
				"west": {"uv": [13.75, 3.25, 13.25, 3.75], "rotation": 270, "texture": "#0"}
			}
		},
		{
			"name": "Element",
			"from": [7, 16, 13],
			"to": [6, 13, 12],
			"faces": {
				"north": {"uv": [6.25, 2.25, 6.75, 2.75], "rotation": 180, "texture": "#0"},
				"east": {"uv": [5.75, 3.25, 5.25, 3.75], "rotation": 90, "texture": "#0"},
				"south": {"uv": [6.25, 4.25, 6.75, 4.75], "texture": "#0"}
			}
		},
		{
			"name": "Element",
			"from": [7, 16, 6],
			"to": [6, 13, 4],
			"faces": {
				"north": {"uv": [6.25, 9.25, 6.75, 9.75], "rotation": 180, "texture": "#0"},
				"east": {"uv": [5.75, 10.25, 5.25, 11.75], "rotation": 90, "texture": "#0"},
				"south": {"uv": [6.25, 12.25, 6.75, 12.75], "texture": "#0"}
			}
		},
		{
			"name": "Element",
			"from": [8, 16, 13],
			"to": [7, 13, 12],
			"faces": {
				"north": {"uv": [7.25, 2.25, 7.75, 2.75], "rotation": 180, "texture": "#0"},
				"west": {"uv": [8.25, 3.25, 8.75, 3.75], "rotation": 90, "texture": "#0"}
			}
		},
		{
			"name": "Element",
			"from": [9, 16, 4],
			"to": [7, 13, 3],
			"faces": {
				"east": {"uv": [6.75, 12.25, 6.25, 12.75], "rotation": 90, "texture": "#0"},
				"south": {"uv": [7.25, 13.25, 8.75, 13.75], "texture": "#0"},
				"west": {"uv": [9.25, 12.25, 9.75, 12.75], "rotation": 90, "texture": "#0"}
			}
		},
		{
			"name": "Element",
			"from": [8, 16, 12],
			"to": [7, 13, 6],
			"faces": {
				"east": {"uv": [6.25, 4.25, 6.75, 9.75], "rotation": 90, "texture": "#0"}
			}
		},
		{
			"name": "Element",
			"from": [9, 16, 12],
			"to": [8, 13, 9],
			"faces": {
				"north": {"uv": [8.25, 3.25, 8.75, 3.75], "rotation": 180, "texture": "#0"},
				"west": {"uv": [9.25, 4.25, 9.75, 6.75], "rotation": 90, "texture": "#0"}
			}
		},
		{
			"name": "Element",
			"from": [9, 16, 6],
			"to": [8, 13, 4],
			"faces": {
				"west": {"uv": [9.25, 10.25, 9.75, 11.75], "rotation": 90, "texture": "#0"}
			}
		},
		{
			"name": "Element",
			"from": [10, 16, 9],
			"to": [9, 13, 6],
			"faces": {
				"north": {"uv": [9.25, 6.25, 9.75, 6.75], "rotation": 180, "texture": "#0"},
				"south": {"uv": [9.25, 10.25, 9.75, 10.75], "texture": "#0"},
				"west": {"uv": [10.25, 7.25, 10.75, 9.75], "rotation": 90, "texture": "#0"}
			}
		},
		{
			"name": "Element",
			"from": [4, 16, 7],
			"to": [3, 13, 3],
			"faces": {
				"east": {"uv": [2.25, 9.25, 2.75, 12.75], "rotation": 90, "texture": "#0"},
				"south": {"uv": [3.25, 13.25, 3.75, 13.75], "texture": "#0"},
				"west": {"uv": [4.25, 9.25, 4.75, 12.75], "rotation": 90, "texture": "#0"}
			}
		},
		{
			"name": "Element",
			"from": [4, 16, 13],
			"to": [3, 13, 11],
			"faces": {
				"north": {"uv": [3.25, 2.25, 3.75, 2.75], "rotation": 180, "texture": "#0"},
				"east": {"uv": [2.25, 3.25, 2.75, 4.75], "rotation": 90, "texture": "#0"},
				"west": {"uv": [4.25, 3.25, 4.75, 4.75], "rotation": 90, "texture": "#0"}
			}
		},
		{
			"name": "Element",
			"from": [6, 16, 10],
			"to": [5, 13, 8],
			"faces": {
				"north": {"uv": [5.25, 5.25, 5.75, 5.75], "rotation": 180, "texture": "#0"},
				"south": {"uv": [5.25, 8.25, 5.75, 8.75], "texture": "#0"},
				"west": {"uv": [6.25, 6.25, 6.75, 7.75], "rotation": 90, "texture": "#0"}
			}
		},
		{
			"name": "Element",
			"from": [5, 16, 10],
			"to": [4, 13, 8],
			"faces": {
				"east": {"uv": [3.25, 6.25, 3.75, 7.75], "rotation": 90, "texture": "#0"}
			}
		},
		{
			"name": "Element",
			"from": [4, 16, 11],
			"to": [3, 13, 10],
			"faces": {
				"east": {"uv": [2.25, 5.25, 2.75, 5.75], "rotation": 90, "texture": "#0"},
				"south": {"uv": [3.25, 6.25, 3.75, 6.75], "rotation": 270, "texture": "#0"}
			}
		},
		{
			"name": "Element",
			"from": [5, 16, 8],
			"to": [4, 13, 7],
			"faces": {
				"south": {"uv": [4.25, 9.25, 4.75, 9.75], "rotation": 270, "texture": "#0"},
				"west": {"uv": [5.25, 8.25, 5.75, 8.75], "rotation": 90, "texture": "#0"}
			}
		},
		{
			"name": "Element",
			"from": [5, 16, 11],
			"to": [4, 13, 10],
			"faces": {
				"north": {"uv": [4.25, 4.25, 4.75, 4.75], "rotation": 180, "texture": "#0"},
				"west": {"uv": [5.25, 5.25, 5.75, 5.75], "rotation": 90, "texture": "#0"}
			}
		},
		{
			"name": "Element",
			"from": [4, 16, 8],
			"to": [3, 13, 7],
			"faces": {
				"north": {"uv": [3.25, 7.25, 3.75, 7.75], "rotation": 180, "texture": "#0"},
				"east": {"uv": [2.25, 8.25, 2.75, 8.75], "rotation": 90, "texture": "#0"}
			}
		}
	]
}