{
  "variants": {
    "": [
      {
        "model": "minecraft:block/red_mushroom"
      },
      {
        "model": "minecraft:block/red_mushroom",
        "y": 90
      },
      {
        "model": "minecraft:block/red_mushroom",
        "y": 180
      },
      {
        "model": "minecraft:block/red_mushroom",
        "y": 270
      },
      {
        "model": "minecraft:block/red_mushroom_rotated"
      },
      {
        "model": "minecraft:block/red_mushroom_rotated",
        "y": 90
      },
      {
        "model": "minecraft:block/red_mushroom_rotated",
        "y": 180
      },
      {
        "model": "minecraft:block/red_mushroom_rotated",
        "y": 270
      }	  
    ]
  }
}