{
  "variants": {
    "": [
      {
        "model": "minecraft:block/warped_fungus"
      },
      {
        "model": "minecraft:block/warped_fungus",
        "y": 90
      },
      {
        "model": "minecraft:block/warped_fungus",
        "y": 180
      },
      {
        "model": "minecraft:block/warped_fungus",
        "y": 270
      },
      {
        "model": "minecraft:block/warped_fungus_rotated"
      },
      {
        "model": "minecraft:block/warped_fungus_rotated",
        "y": 90
      },
      {
        "model": "minecraft:block/warped_fungus_rotated",
        "y": 180
      },
      {
        "model": "minecraft:block/warped_fungus_rotated",
        "y": 270
      }	  
    ]
  }
}