{"credit":"Made with Blockbench by Valdr687","texture_size":[32,32],"textures":{"1":"block/seagrass","2":"block/star_sea1","particle":"block/seagrass"},"elements":[{"from":[2.5,0,6.5],"to":[2.5,4,9.5],"rotation":{"angle":22.5,"axis":"z","origin":[2.5,2,8]},"faces":{"east":{"uv":[3,10.5,4.5,12.5],"texture":"#1"},"west":{"uv":[3,12.5,4.5,10.5],"rotation":180,"texture":"#1"}}},{"from":[13.5,0,5.5],"to":[13.5,7,10.5],"rotation":{"angle":-22.5,"axis":"z","origin":[13.5,0,7]},"faces":{"east":{"uv":[7,12.5,4.5,16],"texture":"#1"},"west":{"uv":[4.5,12.5,7,16],"texture":"#1"}}},{"from":[8,0,4],"to":[14,4,4],"rotation":{"angle":-45,"axis":"x","origin":[11,0,4]},"faces":{"north":{"uv":[2.5,14,5.5,16],"texture":"#1"},"south":{"uv":[2.5,14,5.5,16],"texture":"#1"}}},{"from":[7,0,12],"to":[14,6,12],"rotation":{"angle":22.5,"axis":"x","origin":[10.5,0,12]},"faces":{"north":{"uv":[2.5,13,6,16],"texture":"#1"},"south":{"uv":[6,13,2.5,16],"texture":"#1"}}},{"from":[1,0,3],"to":[4,6,3],"rotation":{"angle":45,"axis":"y","origin":[2.5,3,3]},"faces":{"north":{"uv":[3,13,4.5,16],"texture":"#1"},"south":{"uv":[3,13,4.5,16],"texture":"#1"}}},{"from":[0.7,0,13],"to":[5.7,6,13],"rotation":{"angle":22.5,"axis":"x","origin":[3.2,0,13]},"faces":{"north":{"uv":[0.75,10,3.25,13],"texture":"#1"},"south":{"uv":[0.75,10,3.25,13],"texture":"#1"}}},{"from":[2,0,4.5],"to":[12,1,6.5],"faces":{"north":{"uv":[3,4,13,5],"texture":"#2"},"south":{"uv":[3,7,13,8],"texture":"#2"},"west":{"uv":[3,4,4,6],"rotation":90,"texture":"#2"},"up":{"uv":[3,4,13,6],"rotation":180,"texture":"#2"},"down":{"uv":[3,4,13,6],"rotation":180,"texture":"#2","cullface":"down"}}},{"from":[4,0,6.5],"to":[10,1,8.5],"faces":{"east":{"uv":[5,6,6,8],"rotation":90,"texture":"#2"},"south":{"uv":[5,6,11,7],"texture":"#2"},"up":{"uv":[5,6,11,8],"rotation":180,"texture":"#2"},"down":{"uv":[5,6,11,8],"rotation":180,"texture":"#2","cullface":"down"}}},{"from":[10,0,11.5],"to":[11,1,12.5],"faces":{"east":{"uv":[13,13,14,14],"texture":"#2"},"south":{"uv":[13,13,14,14],"texture":"#2"},"west":{"uv":[13,13,14,14],"texture":"#2"},"up":{"uv":[13,13,14,14],"texture":"#2"},"down":{"uv":[13,13,14,14],"texture":"#2","cullface":"down"}}},{"from":[3,0,11.5],"to":[4,1,12.5],"faces":{"south":{"uv":[3,13,4,14],"texture":"#2"},"west":{"uv":[3,13,4,14],"texture":"#2"},"up":{"uv":[3,13,4,14],"texture":"#2"},"down":{"uv":[3,13,4,14],"texture":"#2","cullface":"down"}}},{"from":[8,0,2.5],"to":[9,1,3.5],"faces":{"north":{"uv":[9,2,10,3],"texture":"#2"},"east":{"uv":[9,2,10,3],"texture":"#2"},"up":{"uv":[9,2,10,3],"rotation":180,"texture":"#2"},"down":{"uv":[9,2,10,3],"rotation":180,"texture":"#2","cullface":"down"}}},{"from":[5,0,2.5],"to":[6,1,3.5],"faces":{"north":{"uv":[6,2,7,3],"texture":"#2"},"west":{"uv":[6,2,7,3],"texture":"#2"},"up":{"uv":[6,2,7,3],"rotation":180,"texture":"#2"},"down":{"uv":[6,2,7,3],"rotation":180,"texture":"#2","cullface":"down"}}},{"from":[10,0,6.5],"to":[11,1,7.5],"faces":{"east":{"uv":[12,7,13,8],"texture":"#2"},"south":{"uv":[12,7,13,8],"texture":"#2"},"up":{"uv":[12,7,13,8],"texture":"#2"},"down":{"uv":[12,7,13,8],"texture":"#2","cullface":"down"}}},{"from":[4,0,3.5],"to":[6,1,4.5],"faces":{"north":{"uv":[7,3,5,4],"texture":"#2"},"up":{"uv":[5,3,7,4],"texture":"#2"},"down":{"uv":[5,3,7,4],"texture":"#2","cullface":"down"}}},{"from":[8,0,3.5],"to":[10,1,4.5],"faces":{"north":{"uv":[11,3,9,4],"texture":"#2"},"east":{"uv":[10,3,11,4],"texture":"#2"},"up":{"uv":[9,3,11,4],"texture":"#2"},"down":{"uv":[9,3,11,4],"texture":"#2","cullface":"down"}}},{"from":[8,0,8.5],"to":[10,1,9.5],"faces":{"east":{"uv":[10,9,11,10],"texture":"#2"},"south":{"uv":[9,9,11,10],"texture":"#2"},"west":{"uv":[9,9,10,10],"texture":"#2"},"up":{"uv":[9,9,11,10],"texture":"#2"},"down":{"uv":[9,9,11,10],"texture":"#2","cullface":"down"}}},{"from":[4,0,8.5],"to":[6,1,9.5],"faces":{"east":{"uv":[6,9,7,10],"texture":"#2"},"south":{"uv":[5,9,7,10],"texture":"#2"},"up":{"uv":[5,9,7,10],"texture":"#2"},"down":{"uv":[5,9,7,10],"texture":"#2","cullface":"down"}}},{"from":[9,0,9.5],"to":[11,1,11.5],"faces":{"north":{"uv":[10,11,12,12],"texture":"#2"},"east":{"uv":[10,11,11,13],"rotation":90,"texture":"#2"},"south":{"uv":[10,12,12,13],"texture":"#2"},"west":{"uv":[11,11,12,13],"rotation":90,"texture":"#2"},"up":{"uv":[10,11,12,13],"rotation":180,"texture":"#2"},"down":{"uv":[10,11,12,13],"rotation":180,"texture":"#2","cullface":"down"}}},{"from":[3,0,9.5],"to":[5,1,11.5],"faces":{"north":{"uv":[4,11,6,12],"texture":"#2"},"east":{"uv":[4,13,5,11],"rotation":90,"texture":"#2"},"south":{"uv":[4,12,6,13],"texture":"#2"},"west":{"uv":[5,11,6,13],"rotation":90,"texture":"#2"},"up":{"uv":[4,11,6,13],"rotation":180,"texture":"#2"},"down":{"uv":[4,11,6,13],"rotation":180,"texture":"#2","cullface":"down"}}},{"from":[12,0,4.5],"to":[13,1,5.5],"faces":{"north":{"uv":[14,5,15,6],"texture":"#2"},"east":{"uv":[14,5,15,6],"texture":"#2"},"south":{"uv":[14,5,15,6],"texture":"#2"},"up":{"uv":[14,5,15,6],"texture":"#2"},"down":{"uv":[14,5,15,6],"texture":"#2","cullface":"down"}}},{"from":[1,0,4.5],"to":[2,1,5.5],"faces":{"north":{"uv":[2,5,3,6],"rotation":180,"texture":"#2"},"south":{"uv":[2,5,3,6],"rotation":180,"texture":"#2"},"west":{"uv":[2,5,3,6],"rotation":180,"texture":"#2"},"up":{"uv":[2,5,3,6],"rotation":180,"texture":"#2"},"down":{"uv":[2,5,3,6],"rotation":180,"texture":"#2","cullface":"down"}}},{"from":[6,0,0.5],"to":[8,1,4.5],"faces":{"north":{"uv":[7,0,9,1],"texture":"#2"},"east":{"uv":[8,0,9,4],"rotation":90,"texture":"#2"},"west":{"uv":[7,0,8,4],"rotation":90,"texture":"#2"},"up":{"uv":[7,0,9,4],"rotation":180,"texture":"#2"},"down":{"uv":[7,0,9,4],"rotation":180,"texture":"#2","cullface":"down"}}},{"from":[3,0,6.5],"to":[4,1,7.5],"faces":{"south":{"uv":[3,7,4,8],"texture":"#2"},"west":{"uv":[3,7,4,8],"texture":"#2"},"up":{"uv":[3,7,4,8],"texture":"#2"},"down":{"uv":[3,7,4,8],"texture":"#2","cullface":"down"}}},{"from":[2.5,21,5.5],"to":[4.5,26,7.5],"faces":{"north":{"uv":[0,0.5,1,3],"texture":"#1"},"east":{"uv":[2,0.5,3,3],"texture":"#1"},"south":{"uv":[1,0.5,2,3],"texture":"#1"},"west":{"uv":[3,0.5,4,3],"texture":"#1"},"up":{"uv":[0,3,1,4],"texture":"#1"},"down":{"uv":[1,3,2,4],"texture":"#1"}}},{"from":[2.5,27,2.5],"to":[4.5,32,4.5],"faces":{"north":{"uv":[0,0.5,1,3],"texture":"#1"},"east":{"uv":[2,0.5,3,3],"texture":"#1"},"south":{"uv":[1,0.5,2,3],"texture":"#1"},"west":{"uv":[3,0.5,4,3],"texture":"#1"},"up":{"uv":[0,3,1,4],"texture":"#1"},"down":{"uv":[1,3,2,4],"texture":"#1"}}},{"from":[2.5,23,9.5],"to":[4.5,27,11.5],"faces":{"north":{"uv":[0,1,1,3],"texture":"#1"},"east":{"uv":[2,1,3,3],"texture":"#1"},"south":{"uv":[1,1,2,3],"texture":"#1"},"west":{"uv":[3,1,4,3],"texture":"#1"},"up":{"uv":[0,3,1,4],"texture":"#1"},"down":{"uv":[1,3,2,4],"texture":"#1"}}},{"from":[11.5,23,4.5],"to":[13.5,27,6.5],"faces":{"north":{"uv":[1,1,2,3],"texture":"#1"},"east":{"uv":[3,1,4,3],"texture":"#1"},"south":{"uv":[0,1,1,3],"texture":"#1"},"west":{"uv":[2,1,3,3],"texture":"#1"},"up":{"uv":[0,3,1,4],"rotation":180,"texture":"#1"},"down":{"uv":[1,3,2,4],"rotation":180,"texture":"#1"}}},{"from":[9.5,24,2.5],"to":[11.5,29,4.5],"faces":{"north":{"uv":[1,0.5,2,3],"texture":"#1"},"east":{"uv":[3,0.5,4,3],"texture":"#1"},"south":{"uv":[0,0.5,1,3],"texture":"#1"},"west":{"uv":[2,0.5,3,3],"texture":"#1"},"up":{"uv":[0,3,1,4],"rotation":180,"texture":"#1"},"down":{"uv":[1,3,2,4],"rotation":180,"texture":"#1"}}},{"from":[11.5,27,11.5],"to":[13.5,32,13.5],"faces":{"north":{"uv":[1,0.5,2,3],"texture":"#1"},"east":{"uv":[3,0.5,4,3],"texture":"#1"},"south":{"uv":[0,0.5,1,3],"texture":"#1"},"west":{"uv":[2,0.5,3,3],"texture":"#1"},"up":{"uv":[0,3,1,4],"rotation":180,"texture":"#1"},"down":{"uv":[1,3,2,4],"rotation":180,"texture":"#1"}}},{"from":[8.5,21,11.5],"to":[10.5,25,13.5],"faces":{"north":{"uv":[1,1,2,3],"texture":"#1"},"east":{"uv":[3,1,4,3],"texture":"#1"},"south":{"uv":[0,1,1,3],"texture":"#1"},"west":{"uv":[2,1,3,3],"texture":"#1"},"up":{"uv":[0,3,1,4],"rotation":180,"texture":"#1"},"down":{"uv":[1,3,2,4],"rotation":180,"texture":"#1"}}},{"from":[11.5,21,8.5],"to":[13.5,26,10.5],"faces":{"north":{"uv":[1,0.5,2,3],"texture":"#1"},"east":{"uv":[3,0.5,4,3],"texture":"#1"},"south":{"uv":[0,0.5,1,3],"texture":"#1"},"west":{"uv":[2,0.5,3,3],"texture":"#1"},"up":{"uv":[0,3,1,4],"rotation":180,"texture":"#1"},"down":{"uv":[1,3,2,4],"rotation":180,"texture":"#1"}}},{"from":[0,0,12],"to":[16,32,12],"shade":false,"faces":{"north":{"uv":[16,0,8,16],"texture":"#1"},"south":{"uv":[8,0,16,16],"texture":"#1"}}},{"from":[0,0,4],"to":[16,32,4],"shade":false,"faces":{"north":{"uv":[8,0,16,16],"texture":"#1"},"south":{"uv":[16,0,8,16],"texture":"#1"}}},{"from":[12,0,0],"to":[12,32,16],"shade":false,"faces":{"east":{"uv":[16,0,8,16],"texture":"#1"},"west":{"uv":[8,0,16,16],"texture":"#1"}}},{"from":[4,0,0],"to":[4,32,16],"shade":false,"faces":{"east":{"uv":[8,0,16,16],"texture":"#1"},"west":{"uv":[16,0,8,16],"texture":"#1"}}}]}