{"credit":"Made with Blockbench by Valdr687","texture_size":[32,32],"textures":{"2":"block/seagrass","particle":"block/seagrass"},"elements":[{"from":[2.5,0,6.5],"to":[2.5,4,9.5],"rotation":{"angle":22.5,"axis":"z","origin":[2.5,2,8]},"faces":{"east":{"uv":[3,10.5,4.5,12.5],"texture":"#2"},"west":{"uv":[3,12.5,4.5,10.5],"rotation":180,"texture":"#2"}}},{"from":[13.5,0,5.5],"to":[13.5,7,10.5],"rotation":{"angle":-22.5,"axis":"z","origin":[13.5,0,7]},"faces":{"east":{"uv":[7,12.5,4.5,16],"texture":"#2"},"west":{"uv":[4.5,12.5,7,16],"texture":"#2"}}},{"from":[8,0,4],"to":[14,4,4],"rotation":{"angle":-45,"axis":"x","origin":[11,0,4]},"faces":{"north":{"uv":[2.5,14,5.5,16],"texture":"#2"},"south":{"uv":[2.5,14,5.5,16],"texture":"#2"}}},{"from":[7,0,12],"to":[14,6,12],"rotation":{"angle":22.5,"axis":"x","origin":[10.5,0,12]},"faces":{"north":{"uv":[2.5,13,6,16],"texture":"#2"},"south":{"uv":[6,13,2.5,16],"texture":"#2"}}},{"from":[1,0,3],"to":[4,6,3],"rotation":{"angle":45,"axis":"y","origin":[2.5,3,3]},"faces":{"north":{"uv":[3,13,4.5,16],"texture":"#2"},"south":{"uv":[3,13,4.5,16],"texture":"#2"}}},{"from":[0.7,0,13],"to":[5.7,6,13],"rotation":{"angle":22.5,"axis":"x","origin":[3.2,0,13]},"faces":{"north":{"uv":[0.75,10,3.25,13],"texture":"#2"},"south":{"uv":[0.75,10,3.25,13],"texture":"#2"}}},{"from":[2.5,21,5.5],"to":[4.5,26,7.5],"faces":{"north":{"uv":[0,0.5,1,3],"texture":"#2"},"east":{"uv":[2,0.5,3,3],"texture":"#2"},"south":{"uv":[1,0.5,2,3],"texture":"#2"},"west":{"uv":[3,0.5,4,3],"texture":"#2"},"up":{"uv":[0,3,1,4],"texture":"#2"},"down":{"uv":[1,3,2,4],"texture":"#2"}}},{"from":[2.5,27,2.5],"to":[4.5,32,4.5],"faces":{"north":{"uv":[0,0.5,1,3],"texture":"#2"},"east":{"uv":[2,0.5,3,3],"texture":"#2"},"south":{"uv":[1,0.5,2,3],"texture":"#2"},"west":{"uv":[3,0.5,4,3],"texture":"#2"},"up":{"uv":[0,3,1,4],"texture":"#2"},"down":{"uv":[1,3,2,4],"texture":"#2"}}},{"from":[2.5,23,9.5],"to":[4.5,27,11.5],"faces":{"north":{"uv":[0,1,1,3],"texture":"#2"},"east":{"uv":[2,1,3,3],"texture":"#2"},"south":{"uv":[1,1,2,3],"texture":"#2"},"west":{"uv":[3,1,4,3],"texture":"#2"},"up":{"uv":[0,3,1,4],"texture":"#2"},"down":{"uv":[1,3,2,4],"texture":"#2"}}},{"from":[11.5,23,4.5],"to":[13.5,27,6.5],"faces":{"north":{"uv":[1,1,2,3],"texture":"#2"},"east":{"uv":[3,1,4,3],"texture":"#2"},"south":{"uv":[0,1,1,3],"texture":"#2"},"west":{"uv":[2,1,3,3],"texture":"#2"},"up":{"uv":[0,3,1,4],"rotation":180,"texture":"#2"},"down":{"uv":[1,3,2,4],"rotation":180,"texture":"#2"}}},{"from":[9.5,24,2.5],"to":[11.5,29,4.5],"faces":{"north":{"uv":[1,0.5,2,3],"texture":"#2"},"east":{"uv":[3,0.5,4,3],"texture":"#2"},"south":{"uv":[0,0.5,1,3],"texture":"#2"},"west":{"uv":[2,0.5,3,3],"texture":"#2"},"up":{"uv":[0,3,1,4],"rotation":180,"texture":"#2"},"down":{"uv":[1,3,2,4],"rotation":180,"texture":"#2"}}},{"from":[11.5,27,11.5],"to":[13.5,32,13.5],"faces":{"north":{"uv":[1,0.5,2,3],"texture":"#2"},"east":{"uv":[3,0.5,4,3],"texture":"#2"},"south":{"uv":[0,0.5,1,3],"texture":"#2"},"west":{"uv":[2,0.5,3,3],"texture":"#2"},"up":{"uv":[0,3,1,4],"rotation":180,"texture":"#2"},"down":{"uv":[1,3,2,4],"rotation":180,"texture":"#2"}}},{"from":[8.5,21,11.5],"to":[10.5,25,13.5],"faces":{"north":{"uv":[1,1,2,3],"texture":"#2"},"east":{"uv":[3,1,4,3],"texture":"#2"},"south":{"uv":[0,1,1,3],"texture":"#2"},"west":{"uv":[2,1,3,3],"texture":"#2"},"up":{"uv":[0,3,1,4],"rotation":180,"texture":"#2"},"down":{"uv":[1,3,2,4],"rotation":180,"texture":"#2"}}},{"from":[11.5,21,8.5],"to":[13.5,26,10.5],"faces":{"north":{"uv":[1,0.5,2,3],"texture":"#2"},"east":{"uv":[3,0.5,4,3],"texture":"#2"},"south":{"uv":[0,0.5,1,3],"texture":"#2"},"west":{"uv":[2,0.5,3,3],"texture":"#2"},"up":{"uv":[0,3,1,4],"rotation":180,"texture":"#2"},"down":{"uv":[1,3,2,4],"rotation":180,"texture":"#2"}}},{"from":[0,0,12],"to":[16,32,12],"shade":false,"faces":{"north":{"uv":[16,0,8,16],"texture":"#2"},"south":{"uv":[8,0,16,16],"texture":"#2"}}},{"from":[0,0,4],"to":[16,32,4],"shade":false,"faces":{"north":{"uv":[8,0,16,16],"texture":"#2"},"south":{"uv":[16,0,8,16],"texture":"#2"}}},{"from":[12,0,0],"to":[12,32,16],"shade":false,"faces":{"east":{"uv":[16,0,8,16],"texture":"#2"},"west":{"uv":[8,0,16,16],"texture":"#2"}}},{"from":[4,0,0],"to":[4,32,16],"shade":false,"faces":{"east":{"uv":[8,0,16,16],"texture":"#2"},"west":{"uv":[16,0,8,16],"texture":"#2"}}}]}